pmcid,dataset
PMC6690680,DOME_Registry_222
PMC7142336,DOME_Registry_222
PMC12530094,DOME_Registry_222
PMC10316696,DOME_Registry_222
PMC7725002,DOME_Registry_222
PMC5104375,DOME_Registry_222
PMC7816647,DOME_Registry_222
PMC6743778,DOME_Registry_222
PMC10716825,DOME_Registry_222
PMC2213690,DOME_Registry_222
PMC6237755,DOME_Registry_222
PMC6923882,DOME_Registry_222
PMC4315323,DOME_Registry_222
PMC8259419,DOME_Registry_222
PMC3340366,DOME_Registry_222
PMC8485143,DOME_Registry_222
PMC8093828,DOME_Registry_222
PMC1892091,DOME_Registry_222
PMC7406221,DOME_Registry_222
PMC7794018,DOME_Registry_222
PMC5656045,DOME_Registry_222
PMC11899596,DOME_Registry_222
PMC9580958,DOME_Registry_222
PMC6851483,DOME_Registry_222
PMC3292016,DOME_Registry_222
PMC6594643,DOME_Registry_222
PMC8261512,DOME_Registry_222
PMC2752621,DOME_Registry_222
PMC5821274,DOME_Registry_222
PMC7054390,DOME_Registry_222
PMC11653894,DOME_Registry_222
PMC8371605,DOME_Registry_222
PMC11299106,DOME_Registry_222
PMC12365963,DOME_Registry_222
PMC7596958,DOME_Registry_222
PMC5550971,DOME_Registry_222
PMC5034704,DOME_Registry_222
PMC7237030,DOME_Registry_222
PMC7493359,DOME_Registry_222
PMC10483879,DOME_Registry_222
PMC5773889,DOME_Registry_222
PMC6036855,DOME_Registry_222
PMC12080225,DOME_Registry_222
PMC8192578,DOME_Registry_222
PMC6436896,DOME_Registry_222
PMC9329459,DOME_Registry_222
PMC10940896,DOME_Registry_222
PMC5910428,DOME_Registry_222
PMC8067080,DOME_Registry_222
PMC11878767,DOME_Registry_222
PMC10776382,DOME_Registry_222
PMC8668950,DOME_Registry_222
PMC12153353,DOME_Registry_222
PMC5775817,DOME_Registry_222
PMC10087011,DOME_Registry_222
PMC4908364,DOME_Registry_222
PMC11940444,DOME_Registry_222
PMC7156652,DOME_Registry_222
PMC2660303,DOME_Registry_222
PMC8295265,DOME_Registry_222
PMC7721480,DOME_Registry_222
PMC6664791,DOME_Registry_222
PMC11258913,DOME_Registry_222
PMC7692026,DOME_Registry_222
PMC3967921,DOME_Registry_222
PMC6242780,DOME_Registry_222
PMC8328792,DOME_Registry_222
PMC9757591,DOME_Registry_222
PMC10783149,DOME_Registry_222
PMC12569769,DOME_Registry_222
PMC4380029,DOME_Registry_222
PMC5517062,DOME_Registry_222
PMC6708480,DOME_Registry_222
PMC4931851,DOME_Registry_222
PMC4289375,DOME_Registry_222
PMC6214495,DOME_Registry_222
PMC8843059,DOME_Registry_222
PMC6457539,DOME_Registry_222
PMC4466774,DOME_Registry_222
PMC9328381,DOME_Registry_222
PMC6548586,DOME_Registry_222
PMC5113897,DOME_Registry_222
PMC6386402,DOME_Registry_222
PMC5930664,DOME_Registry_222
PMC7845959,DOME_Registry_222
PMC11959188,DOME_Registry_222
PMC11512451,DOME_Registry_222
PMC8019900,DOME_Registry_222
PMC7933593,DOME_Registry_222
PMC10646871,DOME_Registry_222
PMC10600917,DOME_Registry_222
PMC8100172,DOME_Registry_222
PMC5870574,DOME_Registry_222
PMC7648120,DOME_Registry_222
PMC6737184,DOME_Registry_222
PMC6657583,DOME_Registry_222
PMC7876317,DOME_Registry_222
PMC5120500,DOME_Registry_222
PMC6091426,DOME_Registry_222
PMC6394031,DOME_Registry_222
PMC3009519,DOME_Registry_222
PMC7073919,DOME_Registry_222
PMC9805592,DOME_Registry_222
PMC6495231,DOME_Registry_222
PMC11223784,DOME_Registry_222
PMC7520974,DOME_Registry_222
PMC5860171,DOME_Registry_222
PMC5650527,DOME_Registry_222
PMC11927397,DOME_Registry_222
PMC9252801,DOME_Registry_222
PMC6732622,DOME_Registry_222
PMC8162250,DOME_Registry_222
PMC8336795,DOME_Registry_222
PMC10653424,DOME_Registry_222
PMC4834164,DOME_Registry_222
PMC12099614,DOME_Registry_222
PMC11238428,DOME_Registry_222
PMC6459551,DOME_Registry_222
PMC6036478,DOME_Registry_222
PMC11912559,DOME_Registry_222
PMC12398281,DOME_Registry_222
PMC7297119,DOME_Registry_222
PMC1847686,DOME_Registry_222
PMC7682087,DOME_Registry_222
PMC8352508,DOME_Registry_222
PMC3912131,DOME_Registry_222
PMC4315436,DOME_Registry_222
PMC8100175,DOME_Registry_222
PMC6214550,DOME_Registry_222
PMC11034027,DOME_Registry_222
PMC8125376,DOME_Registry_222
PMC7569858,DOME_Registry_222
PMC7068237,DOME_Registry_222
PMC7035778,DOME_Registry_222
PMC7591939,DOME_Registry_222
PMC11851125,DOME_Registry_222
PMC11816797,DOME_Registry_222
PMC11945317,DOME_Registry_222
PMC10541796,DOME_Registry_222
PMC7212484,DOME_Registry_222
PMC7442807,DOME_Registry_222
PMC2665034,DOME_Registry_222
PMC12532321,DOME_Registry_222
PMC8230313,DOME_Registry_222
PMC10730818,DOME_Registry_222
PMC11340644,DOME_Registry_222
PMC10174551,DOME_Registry_222
PMC3542245,DOME_Registry_222
PMC7162491,DOME_Registry_222
PMC2275242,DOME_Registry_222
PMC7718328,DOME_Registry_222
PMC10603766,DOME_Registry_222
PMC10659119,DOME_Registry_222
PMC12366053,DOME_Registry_222
PMC6277570,DOME_Registry_222
PMC10441000,DOME_Registry_222
PMC7333383,DOME_Registry_222
PMC4606520,DOME_Registry_222
PMC7352871,DOME_Registry_222
PMC8225676,DOME_Registry_222
PMC8554859,DOME_Registry_222
PMC8351329,DOME_Registry_222
PMC7446623,DOME_Registry_222
PMC9681730,DOME_Registry_222
PMC7602301,DOME_Registry_222
PMC8185002,DOME_Registry_222
PMC12596181,DOME_Registry_222
PMC6908647,DOME_Registry_222
PMC5738356,DOME_Registry_222
PMC11837757,DOME_Registry_222
PMC2561051,DOME_Registry_222
PMC4894951,DOME_Registry_222
PMC7735824,DOME_Registry_222
PMC6982787,DOME_Registry_222
PMC5487762,DOME_Registry_222
PMC10821710,DOME_Registry_222
PMC5976622,DOME_Registry_222
PMC5688026,DOME_Registry_222
PMC7680913,DOME_Registry_222
PMC10684096,DOME_Registry_222
PMC7751093,DOME_Registry_222
PMC4388847,DOME_Registry_222
PMC2638158,DOME_Registry_222
PMC6679781,DOME_Registry_222
PMC6478501,DOME_Registry_222
PMC12077394,DOME_Registry_222
PMC11659981,DOME_Registry_222
PMC6629660,DOME_Registry_222
PMC11734293,DOME_Registry_222
PMC4058174,DOME_Registry_222
PMC11811528,DOME_Registry_222
PMC10673642,DOME_Registry_222
PMC4589233,DOME_Registry_222
PMC11659980,DOME_Registry_222
PMC12206155,DOME_Registry_222
PMC5821114,DOME_Registry_222
PMC8545175,DOME_Registry_222
PMC5610945,DOME_Registry_222
PMC7860026,DOME_Registry_222
PMC11423353,DOME_Registry_222
PMC11629979,DOME_Registry_222
PMC10367125,DOME_Registry_222
PMC6510637,DOME_Registry_222
PMC8042551,DOME_Registry_222
PMC5079830,DOME_Registry_222
PMC8175075,DOME_Registry_222
PMC6929456,DOME_Registry_222
PMC11345537,DOME_Registry_222
PMC8469072,DOME_Registry_222
PMC8553642,DOME_Registry_222
PMC12087453,DOME_Registry_222
PMC12077397,DOME_Registry_222
PMC8385175,DOME_Registry_222
PMC7734183,DOME_Registry_222
PMC4706063,DOME_Registry_222
PMC1421439,DOME_Registry_222
PMC3396452,DOME_Registry_222
PMC12056507,DOME_Registry_222
PMC5860114,DOME_Registry_222
PMC7773485,DOME_Registry_222
PMC12532322,DOME_Registry_222
PMC10762911,DOME_Registry_222
PMC7659093,Positive_1012
PMC8568050,Positive_1012
PMC4407517,Positive_1012
PMC9347213,Positive_1012
PMC11865635,Positive_1012
PMC8581823,Positive_1012
PMC11625410,Positive_1012
PMC7665450,Positive_1012
PMC11806858,Positive_1012
PMC11874791,Positive_1012
PMC10948976,Positive_1012
PMC10583101,Positive_1012
PMC8897225,Positive_1012
PMC9413214,Positive_1012
PMC7941561,Positive_1012
PMC7676934,Positive_1012
PMC8832594,Positive_1012
PMC7511449,Positive_1012
PMC10492341,Positive_1012
PMC5521984,Positive_1012
PMC10075196,Positive_1012
PMC9980216,Positive_1012
PMC9903217,Positive_1012
PMC8586384,Positive_1012
PMC10812839,Positive_1012
PMC9338423,Positive_1012
PMC4527478,Positive_1012
PMC10579490,Positive_1012
PMC10651383,Positive_1012
PMC8298161,Positive_1012
PMC11377909,Positive_1012
PMC6062245,Positive_1012
PMC6637411,Positive_1012
PMC11607304,Positive_1012
PMC8058982,Positive_1012
PMC5564607,Positive_1012
PMC10802079,Positive_1012
PMC8352151,Positive_1012
PMC11206671,Positive_1012
PMC10069559,Positive_1012
PMC10165532,Positive_1012
PMC11080251,Positive_1012
PMC11726131,Positive_1012
PMC6058191,Positive_1012
PMC7816443,Positive_1012
PMC11751442,Positive_1012
PMC11845296,Positive_1012
PMC7842780,Positive_1012
PMC6398873,Positive_1012
PMC8080676,Positive_1012
PMC7550141,Positive_1012
PMC9641193,Positive_1012
PMC10878338,Positive_1012
PMC8301183,Positive_1012
PMC8455450,Positive_1012
PMC9588865,Positive_1012
PMC6536474,Positive_1012
PMC9338198,Positive_1012
PMC6216033,Positive_1012
PMC10290467,Positive_1012
PMC11075076,Positive_1012
PMC10686164,Positive_1012
PMC11781752,Positive_1012
PMC11148103,Positive_1012
PMC11531712,Positive_1012
PMC8250466,Positive_1012
PMC11215832,Positive_1012
PMC9512095,Positive_1012
PMC9731601,Positive_1012
PMC8808003,Positive_1012
PMC8246604,Positive_1012
PMC9860560,Positive_1012
PMC6905129,Positive_1012
PMC11843979,Positive_1012
PMC6476414,Positive_1012
PMC7285934,Positive_1012
PMC8546707,Positive_1012
PMC6484528,Positive_1012
PMC7422516,Positive_1012
PMC7540586,Positive_1012
PMC10348822,Positive_1012
PMC7406302,Positive_1012
PMC7249423,Positive_1012
PMC8611216,Positive_1012
PMC3135376,Positive_1012
PMC8374469,Positive_1012
PMC11869764,Positive_1012
PMC9353566,Positive_1012
PMC10587874,Positive_1012
PMC2857954,Positive_1012
PMC11789348,Positive_1012
PMC8182259,Positive_1012
PMC11134423,Positive_1012
PMC8423361,Positive_1012
PMC8457453,Positive_1012
PMC9293610,Positive_1012
PMC3811072,Positive_1012
PMC8174836,Positive_1012
PMC11806126,Positive_1012
PMC8617597,Positive_1012
PMC11552361,Positive_1012
PMC8982795,Positive_1012
PMC10127088,Positive_1012
PMC7325639,Positive_1012
PMC10423541,Positive_1012
PMC10836572,Positive_1012
PMC11504323,Positive_1012
PMC6842709,Positive_1012
PMC8108534,Positive_1012
PMC7219384,Positive_1012
PMC10842950,Positive_1012
PMC10220509,Positive_1012
PMC11218872,Positive_1012
PMC9485420,Positive_1012
PMC9539078,Positive_1012
PMC11278897,Positive_1012
PMC8631067,Positive_1012
PMC4388756,Positive_1012
PMC4518739,Positive_1012
PMC11764147,Positive_1012
PMC7947105,Positive_1012
PMC6371636,Positive_1012
PMC6184101,Positive_1012
PMC11596251,Positive_1012
PMC11655100,Positive_1012
PMC11509873,Positive_1012
PMC9924077,Positive_1012
PMC6661861,Positive_1012
PMC9857757,Positive_1012
PMC11739212,Positive_1012
PMC9388181,Positive_1012
PMC10192934,Positive_1012
PMC11841140,Positive_1012
PMC10631226,Positive_1012
PMC11616316,Positive_1012
PMC11366475,Positive_1012
PMC10646597,Positive_1012
PMC8884180,Positive_1012
PMC7778490,Positive_1012
PMC9813835,Positive_1012
PMC10364915,Positive_1012
PMC6897314,Positive_1012
PMC11923905,Positive_1012
PMC8914522,Positive_1012
PMC9847512,Positive_1012
PMC11519251,Positive_1012
PMC8461876,Positive_1012
PMC2857471,Positive_1012
PMC10637405,Positive_1012
PMC8758502,Positive_1012
PMC8237066,Positive_1012
PMC10359547,Positive_1012
PMC7055960,Positive_1012
PMC8113686,Positive_1012
PMC9234342,Positive_1012
PMC10763875,Positive_1012
PMC6864056,Positive_1012
PMC4368063,Positive_1012
PMC11907562,Positive_1012
PMC6224513,Positive_1012
PMC10331222,Positive_1012
PMC10742204,Positive_1012
PMC5283391,Positive_1012
PMC9035984,Positive_1012
PMC11316486,Positive_1012
PMC7903919,Positive_1012
PMC10628771,Positive_1012
PMC8976128,Positive_1012
PMC8991968,Positive_1012
PMC6486931,Positive_1012
PMC7954580,Positive_1012
PMC11451058,Positive_1012
PMC7499912,Positive_1012
PMC9894083,Positive_1012
PMC11409329,Positive_1012
PMC5932308,Positive_1012
PMC8752652,Positive_1012
PMC6888901,Positive_1012
PMC8741711,Positive_1012
PMC6450221,Positive_1012
PMC11795234,Positive_1012
PMC8363490,Positive_1012
PMC10461941,Positive_1012
PMC10591370,Positive_1012
PMC10392020,Positive_1012
PMC7597463,Positive_1012
PMC8832719,Positive_1012
PMC11379010,Positive_1012
PMC7138222,Positive_1012
PMC11890425,Positive_1012
PMC9449110,Positive_1012
PMC10560153,Positive_1012
PMC3766990,Positive_1012
PMC8273821,Positive_1012
PMC9463539,Positive_1012
PMC7680286,Positive_1012
PMC4002729,Positive_1012
PMC9918309,Positive_1012
PMC9885377,Positive_1012
PMC11035075,Positive_1012
PMC11693621,Positive_1012
PMC9438026,Positive_1012
PMC7383774,Positive_1012
PMC10700043,Positive_1012
PMC9953018,Positive_1012
PMC10621606,Positive_1012
PMC7137462,Positive_1012
PMC10961794,Positive_1012
PMC8756170,Positive_1012
PMC11538109,Positive_1012
PMC8355460,Positive_1012
PMC7317941,Positive_1012
PMC8203473,Positive_1012
PMC10896941,Positive_1012
PMC11147825,Positive_1012
PMC9294765,Positive_1012
PMC3205469,Positive_1012
PMC7659408,Positive_1012
PMC8313281,Positive_1012
PMC11018039,Positive_1012
PMC10098758,Positive_1012
PMC9234640,Positive_1012
PMC9473813,Positive_1012
PMC8345793,Positive_1012
PMC11638597,Positive_1012
PMC7807896,Positive_1012
PMC9608344,Positive_1012
PMC10947200,Positive_1012
PMC10038376,Positive_1012
PMC8577373,Positive_1012
PMC9142346,Positive_1012
PMC11230954,Positive_1012
PMC11904180,Positive_1012
PMC8266002,Positive_1012
PMC10854473,Positive_1012
PMC8006383,Positive_1012
PMC9840815,Positive_1012
PMC5466447,Positive_1012
PMC10641561,Positive_1012
PMC7099856,Positive_1012
PMC10959883,Positive_1012
PMC10509314,Positive_1012
PMC11730357,Positive_1012
PMC11560808,Positive_1012
PMC11451087,Positive_1012
PMC11587024,Positive_1012
PMC11662059,Positive_1012
PMC11406433,Positive_1012
PMC5622501,Positive_1012
PMC11229738,Positive_1012
PMC11858721,Positive_1012
PMC9255993,Positive_1012
PMC8081115,Positive_1012
PMC9968666,Positive_1012
PMC11097606,Positive_1012
PMC7668301,Positive_1012
PMC11876229,Positive_1012
PMC8690000,Positive_1012
PMC6936209,Positive_1012
PMC9780161,Positive_1012
PMC8553203,Positive_1012
PMC11267879,Positive_1012
PMC8845488,Positive_1012
PMC8514185,Positive_1012
PMC11598409,Positive_1012
PMC7605344,Positive_1012
PMC10071555,Positive_1012
PMC8588886,Positive_1012
PMC11829134,Positive_1012
PMC11679129,Positive_1012
PMC8192262,Positive_1012
PMC10043063,Positive_1012
PMC11404989,Positive_1012
PMC6293604,Positive_1012
PMC11791183,Positive_1012
PMC9859667,Positive_1012
PMC7431866,Positive_1012
PMC10785418,Positive_1012
PMC8665129,Positive_1012
PMC8819200,Positive_1012
PMC9530987,Positive_1012
PMC9560533,Positive_1012
PMC10270711,Positive_1012
PMC11470571,Positive_1012
PMC10476493,Positive_1012
PMC7115906,Positive_1012
PMC11324570,Positive_1012
PMC11700395,Positive_1012
PMC11870305,Positive_1012
PMC9420706,Positive_1012
PMC7723216,Positive_1012
PMC8326176,Positive_1012
PMC10323699,Positive_1012
PMC9210967,Positive_1012
PMC9532264,Positive_1012
PMC11252620,Positive_1012
PMC10951698,Positive_1012
PMC11362185,Positive_1012
PMC8815862,Positive_1012
PMC10360075,Positive_1012
PMC3259434,Positive_1012
PMC3086988,Positive_1012
PMC8966003,Positive_1012
PMC7988437,Positive_1012
PMC11909049,Positive_1012
PMC10293340,Positive_1012
PMC11503583,Positive_1012
PMC10627450,Positive_1012
PMC10128621,Positive_1012
PMC10730242,Positive_1012
PMC7664827,Positive_1012
PMC6433104,Positive_1012
PMC8258057,Positive_1012
PMC11775569,Positive_1012
PMC9883648,Positive_1012
PMC11417445,Positive_1012
PMC9975100,Positive_1012
PMC9872953,Positive_1012
PMC8331277,Positive_1012
PMC11821719,Positive_1012
PMC7831241,Positive_1012
PMC9836197,Positive_1012
PMC11006770,Positive_1012
PMC10140058,Positive_1012
PMC7874964,Positive_1012
PMC10711801,Positive_1012
PMC9015002,Positive_1012
PMC10010318,Positive_1012
PMC3698244,Positive_1012
PMC11584160,Positive_1012
PMC11590401,Positive_1012
PMC8212763,Positive_1012
PMC11246586,Positive_1012
PMC11215191,Positive_1012
PMC7236480,Positive_1012
PMC8596733,Positive_1012
PMC8209373,Positive_1012
PMC11042903,Positive_1012
PMC8753945,Positive_1012
PMC8580864,Positive_1012
PMC9639534,Positive_1012
PMC11556849,Positive_1012
PMC9935764,Positive_1012
PMC11224715,Positive_1012
PMC11294145,Positive_1012
PMC6510616,Positive_1012
PMC9993011,Positive_1012
PMC10052279,Positive_1012
PMC10400152,Positive_1012
PMC10978911,Positive_1012
PMC9149237,Positive_1012
PMC8170065,Positive_1012
PMC11563559,Positive_1012
PMC7064141,Positive_1012
PMC11850780,Positive_1012
PMC10365090,Positive_1012
PMC11417923,Positive_1012
PMC8042299,Positive_1012
PMC6993109,Positive_1012
PMC11133043,Positive_1012
PMC10510804,Positive_1012
PMC11733900,Positive_1012
PMC10256890,Positive_1012
PMC10461732,Positive_1012
PMC8785156,Positive_1012
PMC8591832,Positive_1012
PMC10212001,Positive_1012
PMC10191445,Positive_1012
PMC5768444,Positive_1012
PMC9297869,Positive_1012
PMC10891085,Positive_1012
PMC11612356,Positive_1012
PMC4470375,Positive_1012
PMC9128253,Positive_1012
PMC8336249,Positive_1012
PMC9992284,Positive_1012
PMC11308548,Positive_1012
PMC11605305,Positive_1012
PMC8481113,Positive_1012
PMC9534370,Positive_1012
PMC4786027,Positive_1012
PMC6992687,Positive_1012
PMC11472749,Positive_1012
PMC11293250,Positive_1012
PMC11404758,Positive_1012
PMC7358033,Positive_1012
PMC7799376,Positive_1012
PMC9842515,Positive_1012
PMC8975993,Positive_1012
PMC4751423,Positive_1012
PMC6080076,Positive_1012
PMC7646998,Positive_1012
PMC11543471,Positive_1012
PMC7399060,Positive_1012
PMC7871893,Positive_1012
PMC6128386,Positive_1012
PMC11803684,Positive_1012
PMC9573904,Positive_1012
PMC6150970,Positive_1012
PMC11490577,Positive_1012
PMC4955649,Positive_1012
PMC11460743,Positive_1012
PMC11227463,Positive_1012
PMC6282617,Positive_1012
PMC10073367,Positive_1012
PMC5130110,Positive_1012
PMC11218700,Positive_1012
PMC7280067,Positive_1012
PMC8978589,Positive_1012
PMC11416394,Positive_1012
PMC9163240,Positive_1012
PMC10906512,Positive_1012
PMC10529501,Positive_1012
PMC7798990,Positive_1012
PMC8812126,Positive_1012
PMC9296601,Positive_1012
PMC9490331,Positive_1012
PMC5796779,Positive_1012
PMC10067239,Positive_1012
PMC10071087,Positive_1012
PMC7549647,Positive_1012
PMC8601010,Positive_1012
PMC9200444,Positive_1012
PMC11334056,Positive_1012
PMC11631021,Positive_1012
PMC9046460,Positive_1012
PMC4408786,Positive_1012
PMC10900714,Positive_1012
PMC11099321,Positive_1012
PMC11481599,Positive_1012
PMC6900559,Positive_1012
PMC10132959,Positive_1012
PMC10996401,Positive_1012
PMC7648592,Positive_1012
PMC11476512,Positive_1012
PMC8142481,Positive_1012
PMC7310396,Positive_1012
PMC9461546,Positive_1012
PMC7649211,Positive_1012
PMC11464570,Positive_1012
PMC7885049,Positive_1012
PMC8350610,Positive_1012
PMC8711640,Positive_1012
PMC10348884,Positive_1012
PMC9826045,Positive_1012
PMC7101259,Positive_1012
PMC7711119,Positive_1012
PMC9927558,Positive_1012
PMC3710575,Positive_1012
PMC7561562,Positive_1012
PMC9962729,Positive_1012
PMC9052977,Positive_1012
PMC11449968,Positive_1012
PMC7704682,Positive_1012
PMC10061477,Positive_1012
PMC9391413,Positive_1012
PMC11363525,Positive_1012
PMC11070644,Positive_1012
PMC8821670,Positive_1012
PMC11912617,Positive_1012
PMC11474110,Positive_1012
PMC9977388,Positive_1012
PMC8349178,Positive_1012
PMC7909725,Positive_1012
PMC10374349,Positive_1012
PMC9664923,Positive_1012
PMC11849444,Positive_1012
PMC11569556,Positive_1012
PMC7537153,Positive_1012
PMC9041159,Positive_1012
PMC8722581,Positive_1012
PMC8654111,Positive_1012
PMC10497900,Positive_1012
PMC11462445,Positive_1012
PMC8851712,Positive_1012
PMC11655905,Positive_1012
PMC11235401,Positive_1012
PMC8936051,Positive_1012
PMC6857844,Positive_1012
PMC11605997,Positive_1012
PMC9746351,Positive_1012
PMC10869931,Positive_1012
PMC11430310,Positive_1012
PMC11389371,Positive_1012
PMC11331809,Positive_1012
PMC10268549,Positive_1012
PMC9931490,Positive_1012
PMC10052246,Positive_1012
PMC7821214,Positive_1012
PMC8214948,Positive_1012
PMC11319202,Positive_1012
PMC7771510,Positive_1012
PMC10873872,Positive_1012
PMC10497895,Positive_1012
PMC4879664,Positive_1012
PMC11795679,Positive_1012
PMC8269970,Positive_1012
PMC9505703,Positive_1012
PMC9925947,Positive_1012
PMC8983058,Positive_1012
PMC11654828,Positive_1012
PMC8288051,Positive_1012
PMC10785655,Positive_1012
PMC8757162,Positive_1012
PMC11601025,Positive_1012
PMC8006198,Positive_1012
PMC5526294,Positive_1012
PMC9188460,Positive_1012
PMC9673279,Positive_1012
PMC8678829,Positive_1012
PMC9386205,Positive_1012
PMC11705500,Positive_1012
PMC8716573,Positive_1012
PMC11638990,Positive_1012
PMC11089274,Positive_1012
PMC6416075,Positive_1012
PMC11849712,Positive_1012
PMC9151694,Positive_1012
PMC11044650,Positive_1012
PMC7059009,Positive_1012
PMC11436411,Positive_1012
PMC11329411,Positive_1012
PMC10872966,Positive_1012
PMC10228240,Positive_1012
PMC11102825,Positive_1012
PMC10770810,Positive_1012
PMC9889147,Positive_1012
PMC11836835,Positive_1012
PMC11864393,Positive_1012
PMC11261530,Positive_1012
PMC11882137,Positive_1012
PMC7982771,Positive_1012
PMC11584240,Positive_1012
PMC10284593,Positive_1012
PMC9086604,Positive_1012
PMC5849485,Positive_1012
PMC8722819,Positive_1012
PMC7478228,Positive_1012
PMC10926267,Positive_1012
PMC4282342,Positive_1012
PMC9837969,Positive_1012
PMC8273672,Positive_1012
PMC7991821,Positive_1012
PMC11747270,Positive_1012
PMC8485854,Positive_1012
PMC11130007,Positive_1012
PMC6440667,Positive_1012
PMC11488409,Positive_1012
PMC11574921,Positive_1012
PMC10662376,Positive_1012
PMC10601590,Positive_1012
PMC11620855,Positive_1012
PMC9054943,Positive_1012
PMC10583839,Positive_1012
PMC2731080,Positive_1012
PMC6938222,Positive_1012
PMC11762205,Positive_1012
PMC10409381,Positive_1012
PMC9938619,Positive_1012
PMC9684182,Positive_1012
PMC5266630,Positive_1012
PMC3134873,Positive_1012
PMC11893473,Positive_1012
PMC1421405,Positive_1012
PMC10450242,Positive_1012
PMC8867103,Positive_1012
PMC11666702,Positive_1012
PMC9196053,Positive_1012
PMC10282650,Positive_1012
PMC9067264,Positive_1012
PMC9926933,Positive_1012
PMC10438915,Positive_1012
PMC11544410,Positive_1012
PMC10518520,Positive_1012
PMC6097964,Positive_1012
PMC6387562,Positive_1012
PMC9802238,Positive_1012
PMC3255105,Positive_1012
PMC10875838,Positive_1012
PMC11423862,Positive_1012
PMC9686141,Positive_1012
PMC10788551,Positive_1012
PMC5624169,Positive_1012
PMC10752691,Positive_1012
PMC7415547,Positive_1012
PMC10049411,Positive_1012
PMC7148171,Positive_1012
PMC10528923,Positive_1012
PMC10600209,Positive_1012
PMC8527119,Positive_1012
PMC4996375,Positive_1012
PMC6755632,Positive_1012
PMC9125693,Positive_1012
PMC10334948,Positive_1012
PMC10373320,Positive_1012
PMC11180436,Positive_1012
PMC9525754,Positive_1012
PMC6630050,Positive_1012
PMC11097004,Positive_1012
PMC11186655,Positive_1012
PMC10046420,Positive_1012
PMC8790173,Positive_1012
PMC9789372,Positive_1012
PMC11103848,Positive_1012
PMC6494740,Positive_1012
PMC3879284,Positive_1012
PMC7689324,Positive_1012
PMC10584300,Positive_1012
PMC10817774,Positive_1012
PMC11806318,Positive_1012
PMC6153696,Positive_1012
PMC11282333,Positive_1012
PMC11547242,Positive_1012
PMC10591351,Positive_1012
PMC11281870,Positive_1012
PMC9051300,Positive_1012
PMC11231460,Positive_1012
PMC10147375,Positive_1012
PMC2654973,Positive_1012
PMC11750573,Positive_1012
PMC11866650,Positive_1012
PMC9974847,Positive_1012
PMC10594409,Positive_1012
PMC6135464,Positive_1012
PMC10976492,Positive_1012
PMC11701861,Positive_1012
PMC3163029,Positive_1012
PMC10447347,Positive_1012
PMC11140654,Positive_1012
PMC10281452,Positive_1012
PMC10006506,Positive_1012
PMC8155180,Positive_1012
PMC10700010,Positive_1012
PMC9637023,Positive_1012
PMC8671660,Positive_1012
PMC9577132,Positive_1012
PMC7841422,Positive_1012
PMC10260708,Positive_1012
PMC11525099,Positive_1012
PMC8131289,Positive_1012
PMC10239131,Positive_1012
PMC8073243,Positive_1012
PMC11850473,Positive_1012
PMC6689279,Positive_1012
PMC9561045,Positive_1012
PMC11503672,Positive_1012
PMC11365929,Positive_1012
PMC10061827,Positive_1012
PMC10073265,Positive_1012
PMC9037471,Positive_1012
PMC8318749,Positive_1012
PMC9592196,Positive_1012
PMC10807651,Positive_1012
PMC8831420,Positive_1012
PMC11851764,Positive_1012
PMC9022904,Positive_1012
PMC11286713,Positive_1012
PMC8106637,Positive_1012
PMC10473108,Positive_1012
PMC10933352,Positive_1012
PMC7156196,Positive_1012
PMC7902477,Positive_1012
PMC7694891,Positive_1012
PMC5486409,Positive_1012
PMC10765129,Positive_1012
PMC11008999,Positive_1012
PMC4513962,Positive_1012
PMC5814341,Positive_1012
PMC6451726,Positive_1012
PMC7686836,Positive_1012
PMC8207833,Positive_1012
PMC11866537,Positive_1012
PMC11891141,Positive_1012
PMC11593753,Positive_1012
PMC10678814,Positive_1012
PMC7731513,Positive_1012
PMC11804240,Positive_1012
PMC9902733,Positive_1012
PMC11305163,Positive_1012
PMC8629362,Positive_1012
PMC5405381,Positive_1012
PMC4958551,Positive_1012
PMC6597456,Positive_1012
PMC11764930,Positive_1012
PMC10732782,Positive_1012
PMC10004203,Positive_1012
PMC9586871,Positive_1012
PMC7308383,Positive_1012
PMC9088642,Positive_1012
PMC6139224,Positive_1012
PMC11543189,Positive_1012
PMC10837709,Positive_1012
PMC6691572,Positive_1012
PMC8558045,Positive_1012
PMC6117803,Positive_1012
PMC7713521,Positive_1012
PMC10549471,Positive_1012
PMC10898330,Positive_1012
PMC9128757,Positive_1012
PMC11220987,Positive_1012
PMC11860222,Positive_1012
PMC9583040,Positive_1012
PMC10006025,Positive_1012
PMC11789630,Positive_1012
PMC10611569,Positive_1012
PMC9233873,Positive_1012
PMC8880640,Positive_1012
PMC11061038,Positive_1012
PMC10023470,Positive_1012
PMC8113076,Positive_1012
PMC10657493,Positive_1012
PMC8883776,Positive_1012
PMC10283114,Positive_1012
PMC10546501,Positive_1012
PMC11571247,Positive_1012
PMC7522633,Positive_1012
PMC7940170,Positive_1012
PMC8799451,Positive_1012
PMC6309227,Positive_1012
PMC11423779,Positive_1012
PMC11547247,Positive_1012
PMC9886331,Positive_1012
PMC9938066,Positive_1012
PMC5054094,Positive_1012
PMC11043154,Positive_1012
PMC8002797,Positive_1012
PMC10319989,Positive_1012
PMC10407326,Positive_1012
PMC10425526,Positive_1012
PMC7274489,Positive_1012
PMC7906608,Positive_1012
PMC10757779,Positive_1012
PMC7689198,Positive_1012
PMC9611587,Positive_1012
PMC11106606,Positive_1012
PMC9089236,Positive_1012
PMC11298155,Positive_1012
PMC8692444,Positive_1012
PMC11285060,Positive_1012
PMC10564812,Positive_1012
PMC8664800,Positive_1012
PMC8287547,Positive_1012
PMC9544906,Positive_1012
PMC9075456,Positive_1012
PMC10949101,Positive_1012
PMC9207566,Positive_1012
PMC11016367,Positive_1012
PMC10372900,Positive_1012
PMC10356903,Positive_1012
PMC6506330,Positive_1012
PMC6310107,Positive_1012
PMC8011704,Positive_1012
PMC11145170,Positive_1012
PMC10199163,Positive_1012
PMC1602228,Positive_1012
PMC10871671,Positive_1012
PMC7963508,Positive_1012
PMC10801222,Positive_1012
PMC9701063,Positive_1012
PMC10386986,Positive_1012
PMC9953292,Positive_1012
PMC6223655,Positive_1012
PMC10589430,Positive_1012
PMC8892361,Positive_1012
PMC10751997,Positive_1012
PMC6061930,Positive_1012
PMC10850196,Positive_1012
PMC8815306,Positive_1012
PMC9051950,Positive_1012
PMC9978716,Positive_1012
PMC10791584,Positive_1012
PMC5960433,Positive_1012
PMC11331371,Positive_1012
PMC2998534,Positive_1012
PMC8718042,Positive_1012
PMC6071933,Positive_1012
PMC7373365,Positive_1012
PMC9911490,Positive_1012
PMC11613066,Positive_1012
PMC8961007,Positive_1012
PMC2951685,Positive_1012
PMC11880073,Positive_1012
PMC7123181,Positive_1012
PMC6367517,Positive_1012
PMC11683696,Positive_1012
PMC11247394,Positive_1012
PMC11821569,Positive_1012
PMC11647999,Positive_1012
PMC8756479,Positive_1012
PMC11606396,Positive_1012
PMC10878443,Positive_1012
PMC9677088,Positive_1012
PMC6473411,Positive_1012
PMC9724931,Positive_1012
PMC9720038,Positive_1012
PMC11431183,Positive_1012
PMC7977789,Positive_1012
PMC10584742,Positive_1012
PMC9936672,Positive_1012
PMC6748814,Positive_1012
PMC11367350,Positive_1012
PMC11823220,Positive_1012
PMC11886321,Positive_1012
PMC8457832,Positive_1012
PMC11366442,Positive_1012
PMC4789356,Positive_1012
PMC7962739,Positive_1012
PMC11648505,Positive_1012
PMC8933694,Positive_1012
PMC10826007,Positive_1012
PMC11029226,Positive_1012
PMC10571406,Positive_1012
PMC5362124,Positive_1012
PMC7065628,Positive_1012
PMC10686794,Positive_1012
PMC10833344,Positive_1012
PMC7251921,Positive_1012
PMC10170273,Positive_1012
PMC10273194,Positive_1012
PMC8542441,Positive_1012
PMC6538271,Positive_1012
PMC9804041,Positive_1012
PMC11872868,Positive_1012
PMC10846766,Positive_1012
PMC8127556,Positive_1012
PMC11884440,Positive_1012
PMC8164639,Positive_1012
PMC11472433,Positive_1012
PMC8129712,Positive_1012
PMC7834658,Positive_1012
PMC7056596,Positive_1012
PMC8786681,Positive_1012
PMC8861232,Positive_1012
PMC10202705,Positive_1012
PMC11803288,Positive_1012
PMC11192659,Positive_1012
PMC10757494,Positive_1012
PMC6323839,Positive_1012
PMC7708824,Positive_1012
PMC10273540,Positive_1012
PMC9871862,Positive_1012
PMC2846370,Positive_1012
PMC11712017,Positive_1012
PMC8811587,Positive_1012
PMC8529344,Positive_1012
PMC4711406,Positive_1012
PMC11110913,Positive_1012
PMC11043263,Positive_1012
PMC9485378,Positive_1012
PMC10660535,Positive_1012
PMC10709126,Positive_1012
PMC5132084,Positive_1012
PMC9646469,Positive_1012
PMC7314106,Positive_1012
PMC7940114,Positive_1012
PMC11922705,Positive_1012
PMC8365570,Positive_1012
PMC10826311,Positive_1012
PMC1993824,Positive_1012
PMC7315296,Positive_1012
PMC9051353,Positive_1012
PMC10365278,Positive_1012
PMC5011483,Positive_1012
PMC11760114,Positive_1012
PMC11485078,Positive_1012
PMC10468292,Positive_1012
PMC9860482,Positive_1012
PMC6858545,Positive_1012
PMC9890578,Positive_1012
PMC11228957,Positive_1012
PMC8087249,Positive_1012
PMC4902078,Positive_1012
PMC11127166,Positive_1012
PMC11629217,Positive_1012
PMC7532764,Positive_1012
PMC6788769,Positive_1012
PMC9324235,Positive_1012
PMC11287434,Positive_1012
PMC7075463,Positive_1012
PMC9096110,Positive_1012
PMC10457559,Positive_1012
PMC6156962,Positive_1012
PMC11044033,Positive_1012
PMC7987326,Positive_1012
PMC8522122,Positive_1012
PMC10199413,Positive_1012
PMC5478927,Positive_1012
PMC8495362,Positive_1012
PMC11617847,Positive_1012
PMC9896464,Positive_1012
PMC11601023,Positive_1012
PMC11731696,Positive_1012
PMC11899152,Positive_1012
PMC11070785,Positive_1012
PMC10235219,Positive_1012
PMC10825437,Positive_1012
PMC11629552,Positive_1012
PMC8773854,Positive_1012
PMC10829610,Positive_1012
PMC9221925,Positive_1012
PMC5645671,Positive_1012
PMC8331130,Positive_1012
PMC8240546,Positive_1012
PMC10563813,Positive_1012
PMC11041455,Positive_1012
PMC3067842,Positive_1012
PMC8794258,Positive_1012
PMC7771088,Positive_1012
PMC8967694,Positive_1012
PMC6177722,Positive_1012
PMC8027390,Positive_1012
PMC8244434,Positive_1012
PMC11707953,Positive_1012
PMC10730368,Positive_1012
PMC7855939,Positive_1012
PMC8683924,Positive_1012
PMC10257380,Positive_1012
PMC11684284,Positive_1012
PMC5868484,Positive_1012
PMC11864258,Positive_1012
PMC11078767,Positive_1012
PMC10818795,Positive_1012
PMC6036751,Positive_1012
PMC8818124,Positive_1012
PMC8091525,Positive_1012
PMC10581726,Positive_1012
PMC9630254,Positive_1012
PMC8806423,Positive_1012
PMC10662663,Positive_1012
PMC7818264,Positive_1012
PMC11623027,Positive_1012
PMC11711536,Positive_1012
PMC2637859,Positive_1012
PMC10997841,Positive_1012
PMC9278593,Positive_1012
PMC11495322,Positive_1012
PMC8929464,Positive_1012
PMC5467573,Positive_1012
PMC9174423,Positive_1012
PMC9550874,Positive_1012
PMC8752331,Positive_1012
PMC9123915,Positive_1012
PMC10947877,Positive_1012
PMC11756513,Positive_1012
PMC9134927,Positive_1012
PMC10156426,Positive_1012
PMC6718190,Positive_1012
PMC8785554,Positive_1012
PMC9723999,Positive_1012
PMC9925982,Positive_1012
PMC6329797,Positive_1012
PMC10403241,Positive_1012
PMC6560734,Positive_1012
PMC8359992,Positive_1012
PMC7616866,Positive_1012
PMC9119815,Positive_1012
PMC8962827,Positive_1012
PMC7968546,Positive_1012
PMC10363521,Positive_1012
PMC10584957,Positive_1012
PMC10402395,Positive_1012
PMC10249943,Positive_1012
PMC10354858,Positive_1012
PMC4226404,Positive_1012
PMC6924628,Positive_1012
PMC11382266,Positive_1012
PMC8594429,Positive_1012
PMC9363874,Positive_1012
PMC7612046,Positive_1012
PMC6955159,Positive_1012
PMC9911092,Positive_1012
PMC10214058,Positive_1012
PMC10185636,Positive_1012
PMC10060474,Positive_1012
PMC11558700,Positive_1012
PMC11664873,Positive_1012
PMC6606432,Positive_1012
PMC8920599,Positive_1012
PMC4087062,Positive_1012
PMC9015781,Positive_1012
PMC11528203,Positive_1012
PMC10963864,Positive_1012
PMC10692030,Positive_1012
PMC11701911,Positive_1012
PMC9653296,Positive_1012
PMC9248279,Positive_1012
PMC8649783,Positive_1012
PMC5685313,Positive_1012
PMC8057403,Positive_1012
PMC7517863,Positive_1012
PMC8985446,Positive_1012
PMC9724476,Positive_1012
PMC9884331,Positive_1012
PMC9869541,Positive_1012
PMC9931938,Positive_1012
PMC10698504,Positive_1012
PMC10731096,Positive_1012
PMC8785369,Positive_1012
PMC10281551,Positive_1012
PMC10356833,Positive_1012
PMC10311696,Positive_1012
PMC10114598,Positive_1012
PMC7519580,Positive_1012
PMC10068958,Positive_1012
PMC11742043,Positive_1012
PMC8939455,Positive_1012
PMC11889009,Positive_1012
PMC8240917,Positive_1012
PMC11616947,Positive_1012
PMC6548658,Positive_1012
PMC9596523,Positive_1012
PMC10755598,Positive_1012
PMC7807830,Negative_1012
PMC11583843,Negative_1012
PMC11613580,Negative_1012
PMC11500067,Negative_1012
PMC7238365,Negative_1012
PMC7418871,Negative_1012
PMC11697584,Negative_1012
PMC5804178,Negative_1012
PMC11376311,Negative_1012
PMC7406872,Negative_1012
PMC11001700,Negative_1012
PMC7731980,Negative_1012
PMC4262615,Negative_1012
PMC11254488,Negative_1012
PMC7714088,Negative_1012
PMC4338520,Negative_1012
PMC6067826,Negative_1012
PMC6466885,Negative_1012
PMC4442797,Negative_1012
PMC6964588,Negative_1012
PMC10153038,Negative_1012
PMC6266744,Negative_1012
PMC7507193,Negative_1012
PMC10868566,Negative_1012
PMC6105292,Negative_1012
PMC4270110,Negative_1012
PMC11317056,Negative_1012
PMC7368556,Negative_1012
PMC10010965,Negative_1012
PMC6437637,Negative_1012
PMC8042826,Negative_1012
PMC5351721,Negative_1012
PMC10661046,Negative_1012
PMC10777723,Negative_1012
PMC11307920,Negative_1012
PMC7501130,Negative_1012
PMC10513309,Negative_1012
PMC10562350,Negative_1012
PMC8330135,Negative_1012
PMC7126548,Negative_1012
PMC10664204,Negative_1012
PMC6724248,Negative_1012
PMC7490243,Negative_1012
PMC11662983,Negative_1012
PMC7265837,Negative_1012
PMC2849469,Negative_1012
PMC7259480,Negative_1012
PMC8174542,Negative_1012
PMC7481743,Negative_1012
PMC6044251,Negative_1012
PMC4993779,Negative_1012
PMC11241879,Negative_1012
PMC11562667,Negative_1012
PMC7613719,Negative_1012
PMC10390319,Negative_1012
PMC5900573,Negative_1012
PMC5518778,Negative_1012
PMC11303978,Negative_1012
PMC10191828,Negative_1012
PMC7894306,Negative_1012
PMC11835039,Negative_1012
PMC5124489,Negative_1012
PMC11260284,Negative_1012
PMC11798724,Negative_1012
PMC7170662,Negative_1012
PMC3275086,Negative_1012
PMC11685522,Negative_1012
PMC8147869,Negative_1012
PMC10514010,Negative_1012
PMC5349323,Negative_1012
PMC10962643,Negative_1012
PMC11891283,Negative_1012
PMC4900244,Negative_1012
PMC3760014,Negative_1012
PMC10577262,Negative_1012
PMC11729707,Negative_1012
PMC4481086,Negative_1012
PMC7842837,Negative_1012
PMC7858701,Negative_1012
PMC11829161,Negative_1012
PMC10801628,Negative_1012
PMC6994224,Negative_1012
PMC11472239,Negative_1012
PMC11033539,Negative_1012
PMC11743901,Negative_1012
PMC11735189,Negative_1012
PMC11194920,Negative_1012
PMC6388440,Negative_1012
PMC11346398,Negative_1012
PMC11436382,Negative_1012
PMC11666122,Negative_1012
PMC11673434,Negative_1012
PMC10756428,Negative_1012
PMC10600631,Negative_1012
PMC11060010,Negative_1012
PMC10947221,Negative_1012
PMC8321514,Negative_1012
PMC11613598,Negative_1012
PMC4026152,Negative_1012
PMC11717344,Negative_1012
PMC7266697,Negative_1012
PMC11083959,Negative_1012
PMC10071187,Negative_1012
PMC11667899,Negative_1012
PMC5632926,Negative_1012
PMC2548029,Negative_1012
PMC11825548,Negative_1012
PMC6022472,Negative_1012
PMC11347939,Negative_1012
PMC11019468,Negative_1012
PMC11613144,Negative_1012
PMC8218135,Negative_1012
PMC10749391,Negative_1012
PMC5645578,Negative_1012
PMC11776378,Negative_1012
PMC10439832,Negative_1012
PMC11680151,Negative_1012
PMC5859655,Negative_1012
PMC10790350,Negative_1012
PMC5947730,Negative_1012
PMC10871551,Negative_1012
PMC6484147,Negative_1012
PMC5429386,Negative_1012
PMC11612547,Negative_1012
PMC7041970,Negative_1012
PMC10272937,Negative_1012
PMC11812576,Negative_1012
PMC7469447,Negative_1012
PMC4957551,Negative_1012
PMC4841025,Negative_1012
PMC11022456,Negative_1012
PMC10107557,Negative_1012
PMC10914126,Negative_1012
PMC10806454,Negative_1012
PMC6343653,Negative_1012
PMC11491119,Negative_1012
PMC7883970,Negative_1012
PMC7317901,Negative_1012
PMC7503283,Negative_1012
PMC8085761,Negative_1012
PMC11889042,Negative_1012
PMC10335059,Negative_1012
PMC6903906,Negative_1012
PMC3837999,Negative_1012
PMC8251021,Negative_1012
PMC11006506,Negative_1012
PMC11670673,Negative_1012
PMC8209393,Negative_1012
PMC6722401,Negative_1012
PMC11669784,Negative_1012
PMC7323691,Negative_1012
PMC5026415,Negative_1012
PMC6387741,Negative_1012
PMC7495795,Negative_1012
PMC10075305,Negative_1012
PMC11107893,Negative_1012
PMC6497069,Negative_1012
PMC11309810,Negative_1012
PMC5639897,Negative_1012
PMC6553587,Negative_1012
PMC11268430,Negative_1012
PMC11911716,Negative_1012
PMC11130104,Negative_1012
PMC10915525,Negative_1012
PMC10911101,Negative_1012
PMC2930819,Negative_1012
PMC11566741,Negative_1012
PMC10330367,Negative_1012
PMC10207730,Negative_1012
PMC10673622,Negative_1012
PMC10570143,Negative_1012
PMC6508671,Negative_1012
PMC11861135,Negative_1012
PMC7379124,Negative_1012
PMC4276800,Negative_1012
PMC7399473,Negative_1012
PMC11006323,Negative_1012
PMC3593942,Negative_1012
PMC7382934,Negative_1012
PMC1933428,Negative_1012
PMC5365304,Negative_1012
PMC11810517,Negative_1012
PMC3836521,Negative_1012
PMC10544640,Negative_1012
PMC7545219,Negative_1012
PMC10044325,Negative_1012
PMC10701151,Negative_1012
PMC7870641,Negative_1012
PMC11770470,Negative_1012
PMC10921274,Negative_1012
PMC11461928,Negative_1012
PMC11610927,Negative_1012
PMC6328256,Negative_1012
PMC3159202,Negative_1012
PMC11508099,Negative_1012
PMC1950907,Negative_1012
PMC10695064,Negative_1012
PMC5107208,Negative_1012
PMC10078149,Negative_1012
PMC7581322,Negative_1012
PMC7436714,Negative_1012
PMC7771841,Negative_1012
PMC11785850,Negative_1012
PMC4498413,Negative_1012
PMC11182602,Negative_1012
PMC10249544,Negative_1012
PMC10184470,Negative_1012
PMC8379068,Negative_1012
PMC10632826,Negative_1012
PMC11541029,Negative_1012
PMC11503737,Negative_1012
PMC10483409,Negative_1012
PMC4257941,Negative_1012
PMC11350439,Negative_1012
PMC7874511,Negative_1012
PMC10827988,Negative_1012
PMC11511836,Negative_1012
PMC10039475,Negative_1012
PMC11879920,Negative_1012
PMC11119248,Negative_1012
PMC10397649,Negative_1012
PMC7873105,Negative_1012
PMC10965200,Negative_1012
PMC11909406,Negative_1012
PMC10152224,Negative_1012
PMC8382356,Negative_1012
PMC4108294,Negative_1012
PMC7083636,Negative_1012
PMC6101669,Negative_1012
PMC10280272,Negative_1012
PMC7561035,Negative_1012
PMC10191384,Negative_1012
PMC11790701,Negative_1012
PMC7986299,Negative_1012
PMC6217720,Negative_1012
PMC4246420,Negative_1012
PMC6387774,Negative_1012
PMC6901291,Negative_1012
PMC4528797,Negative_1012
PMC11745446,Negative_1012
PMC5667679,Negative_1012
PMC10183695,Negative_1012
PMC3585893,Negative_1012
PMC10332336,Negative_1012
PMC11794454,Negative_1012
PMC10550096,Negative_1012
PMC1088174,Negative_1012
PMC8233452,Negative_1012
PMC10088062,Negative_1012
PMC11823551,Negative_1012
PMC10521739,Negative_1012
PMC6005206,Negative_1012
PMC10202637,Negative_1012
PMC7772855,Negative_1012
PMC8317840,Negative_1012
PMC10645600,Negative_1012
PMC1765759,Negative_1012
PMC7047780,Negative_1012
PMC8233218,Negative_1012
PMC5720372,Negative_1012
PMC6989146,Negative_1012
PMC6276670,Negative_1012
PMC7722954,Negative_1012
PMC11813208,Negative_1012
PMC11378857,Negative_1012
PMC4673569,Negative_1012
PMC11018089,Negative_1012
PMC7859697,Negative_1012
PMC10567832,Negative_1012
PMC4001088,Negative_1012
PMC10793204,Negative_1012
PMC10696344,Negative_1012
PMC6302975,Negative_1012
PMC10514394,Negative_1012
PMC10844726,Negative_1012
PMC10009358,Negative_1012
PMC11419334,Negative_1012
PMC3188401,Negative_1012
PMC6175554,Negative_1012
PMC6937509,Negative_1012
PMC6961256,Negative_1012
PMC7076730,Negative_1012
PMC11532731,Negative_1012
PMC10729736,Negative_1012
PMC7269502,Negative_1012
PMC7507834,Negative_1012
PMC6373281,Negative_1012
PMC11518978,Negative_1012
PMC11320562,Negative_1012
PMC7612116,Negative_1012
PMC10510345,Negative_1012
PMC10272674,Negative_1012
PMC11870305,Negative_1012
PMC5755976,Negative_1012
PMC11909817,Negative_1012
PMC10973632,Negative_1012
PMC5652928,Negative_1012
PMC10330210,Negative_1012
PMC11780676,Negative_1012
PMC10926509,Negative_1012
PMC6410730,Negative_1012
PMC4666239,Negative_1012
PMC11652966,Negative_1012
PMC11276254,Negative_1012
PMC2862314,Negative_1012
PMC5546760,Negative_1012
PMC8128697,Negative_1012
PMC10485719,Negative_1012
PMC3183303,Negative_1012
PMC10713341,Negative_1012
PMC5658146,Negative_1012
PMC5865471,Negative_1012
PMC11177714,Negative_1012
PMC11136751,Negative_1012
PMC10785999,Negative_1012
PMC6644967,Negative_1012
PMC8320445,Negative_1012
PMC3833020,Negative_1012
PMC5863080,Negative_1012
PMC7401304,Negative_1012
PMC7930180,Negative_1012
PMC11459606,Negative_1012
PMC4852011,Negative_1012
PMC4267696,Negative_1012
PMC3891738,Negative_1012
PMC10657228,Negative_1012
PMC11259008,Negative_1012
PMC11518376,Negative_1012
PMC4949699,Negative_1012
PMC11739678,Negative_1012
PMC10623774,Negative_1012
PMC11277584,Negative_1012
PMC10214766,Negative_1012
PMC5785919,Negative_1012
PMC10293104,Negative_1012
PMC11333062,Negative_1012
PMC11160936,Negative_1012
PMC10012671,Negative_1012
PMC6624342,Negative_1012
PMC6342342,Negative_1012
PMC10860211,Negative_1012
PMC11816309,Negative_1012
PMC6168219,Negative_1012
PMC2562828,Negative_1012
PMC11688203,Negative_1012
PMC11073388,Negative_1012
PMC7503005,Negative_1012
PMC6613463,Negative_1012
PMC7792733,Negative_1012
PMC5595248,Negative_1012
PMC11063621,Negative_1012
PMC7515684,Negative_1012
PMC11424802,Negative_1012
PMC4234378,Negative_1012
PMC7796914,Negative_1012
PMC7486005,Negative_1012
PMC6318149,Negative_1012
PMC5889147,Negative_1012
PMC11462071,Negative_1012
PMC4897341,Negative_1012
PMC6901736,Negative_1012
PMC7191643,Negative_1012
PMC10896073,Negative_1012
PMC7210564,Negative_1012
PMC7435563,Negative_1012
PMC11784605,Negative_1012
PMC10236348,Negative_1012
PMC11302958,Negative_1012
PMC10698944,Negative_1012
PMC11008515,Negative_1012
PMC6338186,Negative_1012
PMC6853613,Negative_1012
PMC11645336,Negative_1012
PMC6501446,Negative_1012
PMC8252977,Negative_1012
PMC6661805,Negative_1012
PMC11262258,Negative_1012
PMC4449277,Negative_1012
PMC5804353,Negative_1012
PMC11392667,Negative_1012
PMC11449462,Negative_1012
PMC3175279,Negative_1012
PMC6927253,Negative_1012
PMC11700601,Negative_1012
PMC3747004,Negative_1012
PMC10408709,Negative_1012
PMC3885991,Negative_1012
PMC11784618,Negative_1012
PMC3072694,Negative_1012
PMC10788651,Negative_1012
PMC11316153,Negative_1012
PMC11032118,Negative_1012
PMC11788687,Negative_1012
PMC8165666,Negative_1012
PMC10479582,Negative_1012
PMC6896290,Negative_1012
PMC11611049,Negative_1012
PMC3433136,Negative_1012
PMC6086289,Negative_1012
PMC7817647,Negative_1012
PMC5236010,Negative_1012
PMC10446008,Negative_1012
PMC6693982,Negative_1012
PMC8250314,Negative_1012
PMC10676665,Negative_1012
PMC11604695,Negative_1012
PMC10849178,Negative_1012
PMC11342843,Negative_1012
PMC6761087,Negative_1012
PMC10519338,Negative_1012
PMC3342413,Negative_1012
PMC11452150,Negative_1012
PMC10521362,Negative_1012
PMC11784111,Negative_1012
PMC11020437,Negative_1012
PMC10124613,Negative_1012
PMC11842623,Negative_1012
PMC11441287,Negative_1012
PMC6958554,Negative_1012
PMC10155647,Negative_1012
PMC11323903,Negative_1012
PMC3910433,Negative_1012
PMC10750855,Negative_1012
PMC7203224,Negative_1012
PMC5731251,Negative_1012
PMC3549548,Negative_1012
PMC10391268,Negative_1012
PMC3423939,Negative_1012
PMC8056871,Negative_1012
PMC10850446,Negative_1012
PMC11889284,Negative_1012
PMC10506769,Negative_1012
PMC2972680,Negative_1012
PMC10692015,Negative_1012
PMC11744444,Negative_1012
PMC10790801,Negative_1012
PMC11060643,Negative_1012
PMC11551872,Negative_1012
PMC5034949,Negative_1012
PMC11105163,Negative_1012
PMC8027708,Negative_1012
PMC10750310,Negative_1012
PMC10361873,Negative_1012
PMC10260256,Negative_1012
PMC3158884,Negative_1012
PMC7816669,Negative_1012
PMC7301934,Negative_1012
PMC8064263,Negative_1012
PMC10866619,Negative_1012
PMC8299892,Negative_1012
PMC3162960,Negative_1012
PMC11132944,Negative_1012
PMC11649065,Negative_1012
PMC10566804,Negative_1012
PMC7705338,Negative_1012
PMC5933241,Negative_1012
PMC10831370,Negative_1012
PMC7251632,Negative_1012
PMC11222207,Negative_1012
PMC5138114,Negative_1012
PMC11247511,Negative_1012
PMC7058233,Negative_1012
PMC3768024,Negative_1012
PMC10624960,Negative_1012
PMC8313052,Negative_1012
PMC6472241,Negative_1012
PMC4736732,Negative_1012
PMC8366212,Negative_1012
PMC3090184,Negative_1012
PMC6506853,Negative_1012
PMC8016001,Negative_1012
PMC11920404,Negative_1012
PMC10866031,Negative_1012
PMC11511687,Negative_1012
PMC11581825,Negative_1012
PMC7653216,Negative_1012
PMC7481841,Negative_1012
PMC11699846,Negative_1012
PMC11423772,Negative_1012
PMC7786869,Negative_1012
PMC10894700,Negative_1012
PMC2545388,Negative_1012
PMC5216452,Negative_1012
PMC5906434,Negative_1012
PMC11712091,Negative_1012
PMC5380887,Negative_1012
PMC4311953,Negative_1012
PMC7483292,Negative_1012
PMC5868434,Negative_1012
PMC2826133,Negative_1012
PMC11421626,Negative_1012
PMC5693332,Negative_1012
PMC6800602,Negative_1012
PMC4542749,Negative_1012
PMC11250688,Negative_1012
PMC8328269,Negative_1012
PMC11097226,Negative_1012
PMC11885362,Negative_1012
PMC11633244,Negative_1012
PMC5718144,Negative_1012
PMC10752623,Negative_1012
PMC8335851,Negative_1012
PMC10940799,Negative_1012
PMC11764040,Negative_1012
PMC10354720,Negative_1012
PMC10905557,Negative_1012
PMC3471180,Negative_1012
PMC5286203,Negative_1012
PMC11422134,Negative_1012
PMC8102977,Negative_1012
PMC8182577,Negative_1012
PMC7671578,Negative_1012
PMC6362540,Negative_1012
PMC8006070,Negative_1012
PMC6522233,Negative_1012
PMC7116060,Negative_1012
PMC10768930,Negative_1012
PMC4541713,Negative_1012
PMC7069787,Negative_1012
PMC7967834,Negative_1012
PMC3756627,Negative_1012
PMC4949569,Negative_1012
PMC4805711,Negative_1012
PMC7087595,Negative_1012
PMC4241273,Negative_1012
PMC10712608,Negative_1012
PMC7342338,Negative_1012
PMC7467114,Negative_1012
PMC10952803,Negative_1012
PMC10015387,Negative_1012
PMC11193207,Negative_1012
PMC5816126,Negative_1012
PMC10264166,Negative_1012
PMC7487029,Negative_1012
PMC11042996,Negative_1012
PMC4635038,Negative_1012
PMC7488739,Negative_1012
PMC1743670,Negative_1012
PMC10776828,Negative_1012
PMC7333579,Negative_1012
PMC5198779,Negative_1012
PMC11617237,Negative_1012
PMC7611398,Negative_1012
PMC7103126,Negative_1012
PMC4633683,Negative_1012
PMC3059142,Negative_1012
PMC7098306,Negative_1012
PMC8369337,Negative_1012
PMC3251207,Negative_1012
PMC10233284,Negative_1012
PMC7108233,Negative_1012
PMC8311600,Negative_1012
PMC8373813,Negative_1012
PMC10320816,Negative_1012
PMC10551394,Negative_1012
PMC1059711,Negative_1012
PMC8018268,Negative_1012
PMC7260139,Negative_1012
PMC11599990,Negative_1012
PMC11596888,Negative_1012
PMC2709548,Negative_1012
PMC6072069,Negative_1012
PMC8243525,Negative_1012
PMC7984450,Negative_1012
PMC3035313,Negative_1012
PMC7641424,Negative_1012
PMC10348695,Negative_1012
PMC10404570,Negative_1012
PMC11770601,Negative_1012
PMC6957889,Negative_1012
PMC2808694,Negative_1012
PMC10933582,Negative_1012
PMC4299867,Negative_1012
PMC7889413,Negative_1012
PMC11523727,Negative_1012
PMC11708284,Negative_1012
PMC5891107,Negative_1012
PMC10426409,Negative_1012
PMC6892996,Negative_1012
PMC11917499,Negative_1012
PMC11812833,Negative_1012
PMC3350810,Negative_1012
PMC10591262,Negative_1012
PMC11729782,Negative_1012
PMC7319618,Negative_1012
PMC10326227,Negative_1012
PMC4937836,Negative_1012
PMC7735190,Negative_1012
PMC6415536,Negative_1012
PMC3632623,Negative_1012
PMC10104773,Negative_1012
PMC10785245,Negative_1012
PMC11111316,Negative_1012
PMC7682169,Negative_1012
PMC4819485,Negative_1012
PMC8162154,Negative_1012
PMC7250653,Negative_1012
PMC3401323,Negative_1012
PMC11235011,Negative_1012
PMC5982584,Negative_1012
PMC3092030,Negative_1012
PMC6715311,Negative_1012
PMC8009088,Negative_1012
PMC11711949,Negative_1012
PMC7286573,Negative_1012
PMC11704373,Negative_1012
PMC7525906,Negative_1012
PMC7614502,Negative_1012
PMC6820165,Negative_1012
PMC8354555,Negative_1012
PMC10029804,Negative_1012
PMC8152813,Negative_1012
PMC8372411,Negative_1012
PMC11301899,Negative_1012
PMC10906064,Negative_1012
PMC11557685,Negative_1012
PMC10199299,Negative_1012
PMC5804808,Negative_1012
PMC10759218,Negative_1012
PMC10977650,Negative_1012
PMC3172819,Negative_1012
PMC11032419,Negative_1012
PMC11787725,Negative_1012
PMC10502289,Negative_1012
PMC4520704,Negative_1012
PMC6393836,Negative_1012
PMC10099589,Negative_1012
PMC5777507,Negative_1012
PMC7219900,Negative_1012
PMC7886075,Negative_1012
PMC10159681,Negative_1012
PMC10754391,Negative_1012
PMC11536289,Negative_1012
PMC7845924,Negative_1012
PMC8341432,Negative_1012
PMC11225949,Negative_1012
PMC11811636,Negative_1012
PMC11882655,Negative_1012
PMC4767180,Negative_1012
PMC5449228,Negative_1012
PMC11490133,Negative_1012
PMC11748145,Negative_1012
PMC2815149,Negative_1012
PMC7754181,Negative_1012
PMC10946187,Negative_1012
PMC7817871,Negative_1012
PMC8353805,Negative_1012
PMC11740851,Negative_1012
PMC7446744,Negative_1012
PMC11294008,Negative_1012
PMC11700910,Negative_1012
PMC10577182,Negative_1012
PMC10731339,Negative_1012
PMC7007059,Negative_1012
PMC11720685,Negative_1012
PMC6731167,Negative_1012
PMC5829945,Negative_1012
PMC11227606,Negative_1012
PMC7569199,Negative_1012
PMC5997568,Negative_1012
PMC5075680,Negative_1012
PMC10034655,Negative_1012
PMC3583062,Negative_1012
PMC7175862,Negative_1012
PMC3729842,Negative_1012
PMC7043962,Negative_1012
PMC11380895,Negative_1012
PMC5484402,Negative_1012
PMC11185416,Negative_1012
PMC5865383,Negative_1012
PMC4858314,Negative_1012
PMC3729737,Negative_1012
PMC4029862,Negative_1012
PMC5807515,Negative_1012
PMC7836521,Negative_1012
PMC6537347,Negative_1012
PMC11465888,Negative_1012
PMC8121164,Negative_1012
PMC11457009,Negative_1012
PMC10155038,Negative_1012
PMC6351997,Negative_1012
PMC10544245,Negative_1012
PMC11343630,Negative_1012
PMC7043837,Negative_1012
PMC11423580,Negative_1012
PMC11144061,Negative_1012
PMC6407653,Negative_1012
PMC4501374,Negative_1012
PMC7837369,Negative_1012
PMC5876691,Negative_1012
PMC11609703,Negative_1012
PMC11646817,Negative_1012
PMC7006595,Negative_1012
PMC7129995,Negative_1012
PMC10421878,Negative_1012
PMC10844720,Negative_1012
PMC10483417,Negative_1012
PMC6800245,Negative_1012
PMC10335905,Negative_1012
PMC10834286,Negative_1012
PMC6214247,Negative_1012
PMC10936343,Negative_1012
PMC10208253,Negative_1012
PMC10693265,Negative_1012
PMC11151701,Negative_1012
PMC11781588,Negative_1012
PMC11531394,Negative_1012
PMC11671080,Negative_1012
PMC7188692,Negative_1012
PMC11748892,Negative_1012
PMC11019713,Negative_1012
PMC11624344,Negative_1012
PMC8349269,Negative_1012
PMC11303506,Negative_1012
PMC3833284,Negative_1012
PMC10482137,Negative_1012
PMC4487281,Negative_1012
PMC3845232,Negative_1012
PMC11003344,Negative_1012
PMC3791321,Negative_1012
PMC10834861,Negative_1012
PMC10582876,Negative_1012
PMC3843370,Negative_1012
PMC6180211,Negative_1012
PMC11461422,Negative_1012
PMC7848821,Negative_1012
PMC10854032,Negative_1012
PMC10787686,Negative_1012
PMC11549684,Negative_1012
PMC8189732,Negative_1012
PMC10533447,Negative_1012
PMC10587899,Negative_1012
PMC10175099,Negative_1012
PMC10863974,Negative_1012
PMC7182631,Negative_1012
PMC3979639,Negative_1012
PMC11633021,Negative_1012
PMC11298898,Negative_1012
PMC10763880,Negative_1012
PMC8285009,Negative_1012
PMC3200215,Negative_1012
PMC7889718,Negative_1012
PMC11426413,Negative_1012
PMC11822424,Negative_1012
PMC7952029,Negative_1012
PMC8370524,Negative_1012
PMC10037407,Negative_1012
PMC10285366,Negative_1012
PMC7169840,Negative_1012
PMC10043949,Negative_1012
PMC7614644,Negative_1012
PMC3318212,Negative_1012
PMC10195748,Negative_1012
PMC11018530,Negative_1012
PMC10966957,Negative_1012
PMC11098926,Negative_1012
PMC11768674,Negative_1012
PMC3674346,Negative_1012
PMC10812085,Negative_1012
PMC3090755,Negative_1012
PMC7616380,Negative_1012
PMC7671911,Negative_1012
PMC4981146,Negative_1012
PMC10565313,Negative_1012
PMC10258225,Negative_1012
PMC11750058,Negative_1012
PMC5365094,Negative_1012
PMC11329529,Negative_1012
PMC5666085,Negative_1012
PMC10910992,Negative_1012
PMC11370866,Negative_1012
PMC6306940,Negative_1012
PMC3860723,Negative_1012
PMC11738472,Negative_1012
PMC11474731,Negative_1012
PMC10809119,Negative_1012
PMC7851654,Negative_1012
PMC11130814,Negative_1012
PMC10524297,Negative_1012
PMC7678923,Negative_1012
PMC11405426,Negative_1012
PMC8090511,Negative_1012
PMC6064115,Negative_1012
PMC7687078,Negative_1012
PMC6308911,Negative_1012
PMC2448385,Negative_1012
PMC7054743,Negative_1012
PMC4706028,Negative_1012
PMC11520667,Negative_1012
PMC2084382,Negative_1012
PMC7227534,Negative_1012
PMC6197878,Negative_1012
PMC10711038,Negative_1012
PMC7832145,Negative_1012
PMC7387197,Negative_1012
PMC6150788,Negative_1012
PMC7266112,Negative_1012
PMC4820586,Negative_1012
PMC3741674,Negative_1012
PMC11269259,Negative_1012
PMC11832760,Negative_1012
PMC10963355,Negative_1012
PMC6669140,Negative_1012
PMC10139771,Negative_1012
PMC10992653,Negative_1012
PMC5674274,Negative_1012
PMC11091272,Negative_1012
PMC6954896,Negative_1012
PMC7297244,Negative_1012
PMC10324588,Negative_1012
PMC11834761,Negative_1012
PMC5719539,Negative_1012
PMC6927246,Negative_1012
PMC10099504,Negative_1012
PMC11574872,Negative_1012
PMC6475849,Negative_1012
PMC4077376,Negative_1012
PMC7011861,Negative_1012
PMC10254105,Negative_1012
PMC11557718,Negative_1012
PMC4983434,Negative_1012
PMC7724016,Negative_1012
PMC2734253,Negative_1012
PMC11868997,Negative_1012
PMC10655164,Negative_1012
PMC10183872,Negative_1012
PMC11796228,Negative_1012
PMC10859831,Negative_1012
PMC2031763,Negative_1012
PMC8188982,Negative_1012
PMC10976575,Negative_1012
PMC10184569,Negative_1012
PMC11825563,Negative_1012
PMC4535466,Negative_1012
PMC5494136,Negative_1012
PMC10908319,Negative_1012
PMC7177154,Negative_1012
PMC5592302,Negative_1012
PMC6519292,Negative_1012
PMC8049748,Negative_1012
PMC11800306,Negative_1012
PMC7892291,Negative_1012
PMC10373800,Negative_1012
PMC8021213,Negative_1012
PMC3528188,Negative_1012
PMC10262660,Negative_1012
PMC10042431,Negative_1012
PMC8097748,Negative_1012
PMC10394424,Negative_1012
PMC7532948,Negative_1012
PMC4518205,Negative_1012
PMC10944702,Negative_1012
PMC6233520,Negative_1012
PMC11200702,Negative_1012
PMC7685677,Negative_1012
PMC10715610,Negative_1012
PMC5300751,Negative_1012
PMC11736685,Negative_1012
PMC10012374,Negative_1012
PMC7805910,Negative_1012
PMC11315462,Negative_1012
PMC3963628,Negative_1012
PMC8237047,Negative_1012
PMC10909452,Negative_1012
PMC10387761,Negative_1012
PMC10997922,Negative_1012
PMC11520244,Negative_1012
PMC5833256,Negative_1012
PMC10866992,Negative_1012
PMC6496464,Negative_1012
PMC10165296,Negative_1012
PMC10190028,Negative_1012
PMC4347537,Negative_1012
PMC6056197,Negative_1012
PMC4626584,Negative_1012
PMC11846443,Negative_1012
PMC7177496,Negative_1012
PMC7466845,Negative_1012
PMC5891472,Negative_1012
PMC11429468,Negative_1012
PMC6586237,Negative_1012
PMC6853221,Negative_1012
PMC11178609,Negative_1012
PMC10951626,Negative_1012
PMC11339377,Negative_1012
PMC3262289,Negative_1012
PMC7445784,Negative_1012
PMC10017066,Negative_1012
PMC11062309,Negative_1012
PMC10958995,Negative_1012
PMC11459737,Negative_1012
PMC2921284,Negative_1012
PMC11664464,Negative_1012
PMC10105856,Negative_1012
PMC11778366,Negative_1012
PMC8178725,Negative_1012
PMC10105189,Negative_1012
PMC11581143,Negative_1012
PMC10629992,Negative_1012
PMC7547321,Negative_1012
PMC10157788,Negative_1012
PMC11381049,Negative_1012
PMC7413863,Negative_1012
PMC6661207,Negative_1012
PMC11673733,Negative_1012
PMC5647664,Negative_1012
PMC11466374,Negative_1012
PMC11741909,Negative_1012
PMC6913460,Negative_1012
PMC7252860,Negative_1012
PMC6399039,Negative_1012
PMC7933265,Negative_1012
PMC10715621,Negative_1012
PMC3606947,Negative_1012
PMC5605272,Negative_1012
PMC6716371,Negative_1012
PMC10963913,Negative_1012
PMC10113717,Negative_1012
PMC7617309,Negative_1012
PMC7350713,Negative_1012
PMC5391539,Negative_1012
PMC7290192,Negative_1012
PMC8220862,Negative_1012
PMC10504549,Negative_1012
PMC11703125,Negative_1012
PMC10084054,Negative_1012
PMC11235715,Negative_1012
PMC10353031,Negative_1012
PMC10066895,Negative_1012
PMC7674326,Negative_1012
PMC3514690,Negative_1012
PMC6699007,Negative_1012
PMC6750631,Negative_1012
PMC7468668,Negative_1012
PMC10197989,Negative_1012
PMC7086066,Negative_1012
PMC5825945,Negative_1012
PMC11609115,Negative_1012
PMC11340687,Negative_1012
PMC11195425,Negative_1012
PMC11661535,Negative_1012
PMC8049283,Negative_1012
PMC10961971,Negative_1012
PMC11369326,Negative_1012
PMC8117491,Negative_1012
PMC11327961,Negative_1012
PMC11878660,Negative_1012
PMC10449001,Negative_1012
PMC6343409,Negative_1012
PMC11750002,Negative_1012
PMC11298256,Negative_1012
PMC11672497,Negative_1012
PMC5843530,Negative_1012
PMC10323046,Negative_1012
PMC10097501,Negative_1012
PMC2929138,Negative_1012
PMC6438494,Negative_1012
PMC5409865,Negative_1012
PMC5899994,Negative_1012
PMC11571578,Negative_1012
PMC6954016,Negative_1012
PMC5822175,Negative_1012
PMC8022358,Negative_1012
PMC5253113,Negative_1012
PMC5582830,Negative_1012
PMC7140346,Negative_1012
PMC10079515,Negative_1012
PMC1769396,Negative_1012
PMC7044616,Negative_1012
PMC11466532,Negative_1012
PMC7659024,Negative_1012
PMC11873324,Negative_1012
PMC8093261,Negative_1012
PMC7095858,Negative_1012
PMC8372483,Negative_1012
PMC5851519,Negative_1012
PMC11882701,Negative_1012
PMC3650309,Negative_1012
PMC3955126,Negative_1012
PMC7546651,Negative_1012
PMC11304399,Negative_1012
PMC7296823,Negative_1012
PMC11888811,Negative_1012
PMC3983582,Negative_1012
PMC6362926,Negative_1012
PMC5392811,Negative_1012
PMC11068507,Negative_1012
PMC5316541,Negative_1012
PMC6705575,Negative_1012
PMC7429144,Negative_1012
PMC6311919,Negative_1012
PMC10811384,Negative_1012
PMC7995339,Negative_1012
PMC11067286,Negative_1012
PMC11406821,Negative_1012
PMC8133828,Negative_1012
PMC6802166,Negative_1012
PMC10981793,Negative_1012
PMC11370073,Negative_1012
PMC11420553,Negative_1012
PMC4109799,Negative_1012
PMC4423813,Negative_1012
PMC7982044,Negative_1012
PMC4786847,Negative_1012
PMC6961490,Negative_1012
PMC10403445,Negative_1012
PMC11215837,Negative_1012
PMC11137202,Negative_1012
PMC6422683,Negative_1012
PMC10851337,Negative_1012
PMC6500493,Negative_1012
PMC3261719,Negative_1012
