title	authors	journal	year	pmid	pmcid	doi
A modeling and machine learning approach to ECG feature engineering for the detection of ischemia using pseudo-ECG.	Ledezma CA, Zhou X, Rodríguez B, Tan PJ, Díaz-Zuccarini V.	PloS one	2019	31404081	PMC6690680	10.1371/journal.pone.0220294
HMMPred: Accurate Prediction of DNA-Binding Proteins Based on HMM Profiles and XGBoost Feature Selection.	Sang X, Xiao W, Zheng H, Yang Y, Liu T.	Computational and mathematical methods in medicine	2020	32300371	PMC7142336	10.1155/2020/1384749
ColoPola: A polarimetric imaging dataset for colorectal cancer detection.	Pham TT, Vo QH, Nguyen TV, Nguyen TH, Phan QH, Le TH.	GigaScience	2025	41100285	PMC12530094	10.1093/gigascience/giaf120
Deep neural networks with knockoff features identify nonlinear causal relations and estimate effect sizes in complex biological systems.	Fan Z, Kernan KF, Sriram A, Benos PV, Canna SW, Carcillo JA, Kim S, Park HJ.	GigaScience	2022	37395630	PMC10316696	10.1093/gigascience/giad044
Functional Connectivity Combined With a Machine Learning Algorithm Can Classify High-Risk First-Degree Relatives of Patients With Schizophrenia and Identify Correlates of Cognitive Impairments.	Liu W, Zhang X, Qiao Y, Cai Y, Yin H, Zheng M, Zhu Y, Wang H.	Frontiers in neuroscience	2020	33324147	PMC7725002	10.3389/fnins.2020.577568
Machine Learning for Characterization of Insect Vector Feeding.	Willett DS, George J, Willett NS, Stelinski LL, Lapointe SL.	PLoS computational biology	2016	27832081	PMC5104375	10.1371/journal.pcbi.1005158
Image-based pooled whole-genome CRISPRi screening for subcellular phenotypes.	Kanfer G, Sarraf SA, Maman Y, Baldwin H, Dominguez-Martin E, Johnson KR, Ward ME, Kampmann M, Lippincott-Schwartz J, Youle RJ.	The Journal of cell biology	2021	33464298	PMC7816647	10.1083/jcb.202006180
Benchmarking network propagation methods for disease gene identification.	Picart-Armada S, Barrett SJ, Willé DR, Perera-Lluna A, Gutteridge A, Dessailly BH.	PLoS computational biology	2019	31479437	PMC6743778	10.1371/journal.pcbi.1007276
MLcps: machine learning cumulative performance score for classification problems.	Akshay A, Abedi M, Shekarchizadeh N, Burkhard FC, Katoch M, Bigger-Allen A, Adam RM, Monastyrskaya K, Gheinani AH.	GigaScience	2022	38091508	PMC10716825	10.1093/gigascience/giad108
Combining classifiers to predict gene function in Arabidopsis thaliana using large-scale gene expression measurements.	Lan H, Carson R, Provart NJ, Bonner AJ.	BMC bioinformatics	2007	17888165	PMC2213690	10.1186/1471-2105-8-358
Multi-omic and multi-view clustering algorithms: review and cancer benchmark.	Rappoport N, Shamir R.	Nucleic acids research	2018	30295871	PMC6237755	10.1093/nar/gky889
Identification of lung cancer gene markers through kernel maximum mean discrepancy and information entropy.	Zhao Z, Peng H, Zhang X, Zheng Y, Chen F, Fang L, Li J.	BMC medical genomics	2019	31856830	PMC6923882	10.1186/s12920-019-0630-4
Performance of case-control rare copy number variation annotation in classification of autism.	Engchuan W, Dhindsa K, Lionel AC, Scherer SW, Chan JH, Merico D.	BMC medical genomics	2015	25783485	PMC4315323	10.1186/1755-8794-8-s1-s7
Machine learning model for identifying important clinical features for predicting remission in patients with rheumatoid arthritis treated with biologics.	Koo BS, Eun S, Shin K, Yoon H, Hong C, Kim DH, Hong S, Kim YG, Lee CK, Yoo B, Oh JS.	Arthritis research & therapy	2021	34229736	PMC8259419	10.1186/s13075-021-02567-y
Linking the epigenome to the genome: correlation of different features to DNA methylation of CpG islands.	Wrzodek C, Wrzodek C, Büchel F, Hinselmann G, Eichner J, Mittag F, Zell A.	PloS one	2012	22558141	PMC3340366	10.1371/journal.pone.0035327
Identification of Novel COVID-19 Biomarkers by Multiple Feature Selection Strategies.	Zhang S, Qu R, Wang P, Wang S.	Computational and mathematical methods in medicine	2021	34603483	PMC8485143	10.1155/2021/2203636
Identifying the minimum amplicon sequence depth to adequately predict classes in eDNA-based marine biomonitoring using supervised machine learning.	Dully V, Wilding TA, Mühlhaus T, Stoeck T.	Computational and structural biotechnology journal	2021	33995917	PMC8093828	10.1016/j.csbj.2021.04.005
Learning biophysically-motivated parameters for alpha helix prediction.	Gassend B, O'Donnell CW, Thies W, Lee A, van Dijk M, Devadas S.	BMC bioinformatics	2007	17570862	PMC1892091	10.1186/1471-2105-8-s5-s3
Genome-Wide Analysis of RNA Decay in the Cyanobacterium <i>Synechococcus</i> sp. Strain PCC 7002.	Gordon GC, Cameron JC, Gupta STP, Engstrom MD, Reed JL, Pfleger BF.	mSystems	2020	32753502	PMC7406221	10.1128/msystems.00224-20
Intratumoral and Peritumoral Radiomics of Contrast-Enhanced CT for Prediction of Disease-Free Survival and Chemotherapy Response in Stage II/III Gastric Cancer.	Li J, Zhang C, Wei J, Zheng P, Zhang H, Xie Y, Bai J, Zhu Z, Zhou K, Liang X, Xie Y, Qin T.	Frontiers in oncology	2020	33425719	PMC7794018	10.3389/fonc.2020.552270
DeepBipolar: Identifying genomic mutations for bipolar disorder via deep learning.	Sundaram L, Bhat RR, Viswanath V, Li X.	Human mutation	2017	28600868	PMC5656045	10.1002/humu.23272
Cerebellocerebral connectivity predicts body mass index: a new open-source Python-based framework for connectome-based predictive modeling.	Bachmann T, Mueller K, Kusnezow SNA, Schroeter ML, Piaggi P, Weise CM.	GigaScience	2025	40072905	PMC11899596	10.1093/gigascience/giaf010
SETH predicts nuances of residue disorder from protein embeddings.	Ilzhöfer D, Heinzinger M, Rost B.	Frontiers in bioinformatics	2022	36304335	PMC9580958	10.3389/fbinf.2022.1019597
Ensembling multiple raw coevolutionary features with deep residual neural networks for contact-map prediction in CASP13.	Li Y, Zhang C, Bell EW, Yu DJ, Zhang Y.	Proteins	2019	31407406	PMC6851483	10.1002/prot.25798
Using support vector machine and evolutionary profiles to predict antifreeze protein sequences.	Zhao X, Ma Z, Yin M.	International journal of molecular sciences	2012	22408447	PMC3292016	10.3390/ijms13022196
Pathogenicity and functional impact of non-frameshifting insertion/deletion variation in the human genome.	Pagel KA, Antaki D, Lian A, Mort M, Cooper DN, Sebat J, Iakoucheva LM, Mooney SD, Radivojac P.	PLoS computational biology	2019	31199787	PMC6594643	10.1371/journal.pcbi.1007112
A Noninvasive Multianalytical Approach for Lung Cancer Diagnosis of Patients with Pulmonary Nodules.	Liu QX, Zhou D, Han TC, Lu X, Hou B, Li MY, Yang GX, Li QY, Pei ZH, Hong YY, Zhang YX, Chen WZ, Zheng H, He J, Dai JG.	Advanced science (Weinheim, Baden-Wurttemberg, Germany)	2021	34258160	PMC8261512	10.1002/advs.202100104
PineSAP--sequence alignment and SNP identification pipeline.	Wegrzyn JL, Lee JM, Liechty J, Neale DB.	Bioinformatics (Oxford, England)	2009	19667082	PMC2752621	10.1093/bioinformatics/btp477
Precision Oncology beyond Targeted Therapy: Combining Omics Data with Machine Learning Matches the Majority of Cancer Cells to Effective Therapeutics.	Ding MQ, Chen L, Cooper GF, Young JD, Lu X.	Molecular cancer research : MCR	2018	29133589	PMC5821274	10.1158/1541-7786.mcr-17-0378
Development of PancRISK, a urine biomarker-based risk score for stratified screening of pancreatic cancer patients.	Blyuss O, Zaikin A, Cherepanova V, Munblit D, Kiseleva EM, Prytomanova OM, Duffy SW, Crnogorac-Jurcevic T.	British journal of cancer	2020	31857725	PMC7054390	10.1038/s41416-019-0694-0
A dataset profiling the multiomic landscape of the prefrontal cortex in amyotrophic lateral sclerosis.	Hausmann F, Caldi Gomes L, Hänzelmann S, Khatri R, Oller S, Gebelin M, Parvaz M, Tzeplaeff L, Pasetto L, Zhou Q, Zelina P, Edbauer D, Pasterkamp RJ, Rehrauer H, Schlapbach R, Carapito C, Bonetto V, Bonn S, Lingor P.	GigaScience	2024	39693632	PMC11653894	10.1093/gigascience/giae100
Highly accurate protein structure prediction with AlphaFold.	Jumper J, Evans R, Pritzel A, Green T, Figurnov M, Ronneberger O, Tunyasuvunakool K, Bates R, Žídek A, Potapenko A, Bridgland A, Meyer C, Kohl SAA, Ballard AJ, Cowie A, Romera-Paredes B, Nikolov S, Jain R, Adler J, Back T, Petersen S, Reiman D, Clancy E, Zielinski M, Steinegger M, Pacholska M, Berghammer T, Bodenstein S, Silver D, Vinyals O, Senior AW, Kavukcuoglu K, Kohli P, Hassabis D.	Nature	2021	34265844	PMC8371605	10.1038/s41586-021-03819-2
MOBFinder: a tool for mobilization typing of plasmid metagenomic fragments based on a language model.	Feng T, Wu S, Zhou H, Fang Z.	GigaScience	2024	39101782	PMC11299106	10.1093/gigascience/giae047
CODARFE: Unlocking the prediction of continuous environmental variables based on microbiome.	Barbosa MC, Marques da Silva JF, Alves LC, Finn RD, Paschoal AR.	GigaScience	2025	40549543	PMC12365963	10.1093/gigascience/giaf055
A new efficient method to detect genetic interactions for lung cancer GWAS.	Luyapan J, Ji X, Li S, Xiao X, Zhu D, Duell EJ, Christiani DC, Schabath MB, Arnold SM, Zienolddiny S, Brunnström H, Melander O, Thornquist MD, MacKenzie TA, Amos CI, Gui J.	BMC medical genomics	2020	33126877	PMC7596958	10.1186/s12920-020-00807-9
Changes and classification in myocardial contractile function in the left ventricle following acute myocardial infarction.	Gao H, Aderhold A, Mangion K, Luo X, Husmeier D, Berry C.	Journal of the Royal Society, Interface	2017	28747397	PMC5550971	10.1098/rsif.2017.0203
Molecular Properties of Drugs Interacting with SLC22 Transporters OAT1, OAT3, OCT1, and OCT2: A Machine-Learning Approach.	Liu HC, Goldenberg A, Chen Y, Lun C, Wu W, Bush KT, Balac N, Rodriguez P, Abagyan R, Nigam SK.	The Journal of pharmacology and experimental therapeutics	2016	27488918	PMC5034704	10.1124/jpet.116.232660
BioConceptVec: Creating and evaluating literature-based biomedical concept embeddings on a large scale.	Chen Q, Lee K, Yan S, Kim S, Wei CH, Lu Z.	PLoS computational biology	2020	32324731	PMC7237030	10.1371/journal.pcbi.1007617
Seagull: lasso, group lasso and sparse-group lasso regularization for linear regression models via proximal gradient descent.	Klosa J, Simon N, Westermark PO, Liebscher V, Wittenburg D.	BMC bioinformatics	2020	32933477	PMC7493359	10.1186/s12859-020-03725-w
Protein intrinsically disordered region prediction by combining neural architecture search and multi-objective genetic algorithm.	Tang YJ, Yan K, Zhang X, Tian Y, Liu B.	BMC biology	2023	37674132	PMC10483879	10.1186/s12915-023-01672-5
A boosting approach for prediction of protein-RNA binding residues.	Tang Y, Liu D, Wang Z, Wen T, Deng L.	BMC bioinformatics	2017	29219069	PMC5773889	10.1186/s12859-017-1879-2
An Extreme Learning Machine Based on Artificial Immune System.	Tian HY, Li SJ, Wu TQ, Yao M.	Computational intelligence and neuroscience	2018	30046299	PMC6036855	10.1155/2018/3635845
HVSeeker: a deep-learning-based method for identification of host and viral DNA sequences.	Al-Najim A, Hauns S, Tran VD, Backofen R, Alkhnbashi OS.	GigaScience	2025	40372723	PMC12080225	10.1093/gigascience/giaf037
A new molecular classification to drive precision treatment strategies in primary Sjögren's syndrome.	Soret P, Le Dantec C, Desvaux E, Foulquier N, Chassagnol B, Hubert S, Jamin C, Barturen G, Desachy G, Devauchelle-Pensec V, Boudjeniba C, Cornec D, Saraux A, Jousse-Joulin S, Barbarroja N, Rodríguez-Pintó I, De Langhe E, Beretta L, Chizzolini C, Kovács L, Witte T, PRECISESADS Clinical Consortium, PRECISESADS Flow Cytometry Consortium, Bettacchioli E, Buttgereit A, Makowska Z, Lesche R, Borghi MO, Martin J, Courtade-Gaiani S, Xuereb L, Guedj M, Moingeon P, Alarcón-Riquelme ME, Laigle L, Pers JO.	Nature communications	2021	34112769	PMC8192578	10.1038/s41467-021-23472-7
Learning protein constitutive motifs from sequence data.	Tubiana J, Cocco S, Monasson R.	eLife	2019	30857591	PMC6436896	10.7554/elife.39397
ProtGPT2 is a deep unsupervised language model for protein design.	Ferruz N, Schmidt S, Höcker B.	Nature communications	2022	35896542	PMC9329459	10.1038/s41467-022-32007-7
Julearn: an easy-to-use library for leakage-free evaluation and inspection of ML models.	Hamdan S, More S, Sasse L, Komeyer V, Patil KR, Raimondo F, Alzheimer’s Disease Neuroimaging Initiative.	GigaByte (Hong Kong, China)	2024	38496213	PMC10940896	10.46471/gigabyte.113
Computational Protein Design with Deep Learning Neural Networks.	Wang J, Cao H, Zhang JZH, Qi Y.	Scientific reports	2018	29679026	PMC5910428	10.1038/s41598-018-24760-x
The Budapest Amyloid Predictor and Its Applications.	Keresztes L, Szögi E, Varga B, Farkas V, Perczel A, Grolmusz V.	Biomolecules	2021	33810341	PMC8067080	10.3390/biom11040500
TransHLA: a Hybrid Transformer model for HLA-presented epitope detection.	Lu T, Wang X, Nie W, Huo M, Li S.	GigaScience	2025	40036690	PMC11878767	10.1093/gigascience/giaf008
Accurate prediction of protein-nucleic acid complexes using RoseTTAFoldNA.	Baek M, McHugh R, Anishchenko I, Jiang H, Baker D, DiMaio F.	Nature methods	2024	37996753	PMC10776382	10.1038/s41592-023-02086-5
Protein embeddings and deep learning predict binding residues for various ligand classes.	Littmann M, Heinzinger M, Dallago C, Weissenow K, Rost B.	Scientific reports	2021	34903827	PMC8668950	10.1038/s41598-021-03431-4
The FIP 1.0 Data Set: Highly resolved annotated image time series of 4,000 wheat plots grown in 6 years.	Roth L, Boss M, Kirchgessner N, Aasen H, Aguirre-Cuellar BP, Akiina PPA, Anderegg J, Castillo JG, Chen X, Corrado S, Cybulski K, Keller B, Göbel Kortstee S, Kronenberg L, Liebisch F, Nousi P, Oppliger C, Perich G, Pfeifer J, Yu K, Storni N, Tschurr F, Treier S, Volpi M, Zellweger H, Zumsteg O, Hund A, Walter A.	GigaScience	2025	40498535	PMC12153353	10.1093/gigascience/giaf051
Detecting Pairwise Interactive Effects of Continuous Random Variables for Biomarker Identification with Small Sample Size.	Adl AA, Lee HS, Qian X.	IEEE/ACM transactions on computational biology and bioinformatics	2017	27362985	PMC5775817	10.1109/tcbb.2016.2586042
Delineating regions of interest for mass spectrometry imaging by multimodally corroborated spatial segmentation.	Guo A, Chen Z, Li F, Luo Q.	GigaScience	2022	37039115	PMC10087011	10.1093/gigascience/giad021
DFLpred: High-throughput prediction of disordered flexible linker regions in protein sequences.	Meng F, Kurgan L.	Bioinformatics (Oxford, England)	2016	27307636	PMC4908364	10.1093/bioinformatics/btw280
PUNCH2: Explore the strategy for intrinsically disordered protein predictor.	Meng D, Pollastri G.	PloS one	2025	40138319	PMC11940444	10.1371/journal.pone.0319208
Computational analysis of pathological images enables a better diagnosis of TFE3 Xp11.2 translocation renal cell carcinoma.	Cheng J, Han Z, Mehra R, Shao W, Cheng M, Feng Q, Ni D, Huang K, Cheng L, Zhang J.	Nature communications	2020	32286325	PMC7156652	10.1038/s41467-020-15671-5
Identification of novel DNA repair proteins via primary sequence, secondary structure, and homology.	Brown JB, Akutsu T.	BMC bioinformatics	2009	19154573	PMC2660303	10.1186/1471-2105-10-25
flDPnn: Accurate intrinsic disorder prediction with putative propensities of disorder functions.	Hu G, Hu G, Katuwawala A, Wang K, Wu Z, Ghadermarzi S, Gao J, Kurgan L.	Nature communications	2021	34290238	PMC8295265	10.1038/s41467-021-24773-7
Identifying 8-mRNAsi Based Signature for Predicting Survival in Patients With Head and Neck Squamous Cell Carcinoma via Machine Learning.	Tian Y, Wang J, Qin C, Zhu G, Chen X, Chen Z, Qin Y, Wei M, Li Z, Zhang X, Lv Y, Cai G.	Frontiers in genetics	2020	33329703	PMC7721480	10.3389/fgene.2020.566159
IRESpy: an XGBoost model for prediction of internal ribosome entry sites.	Wang J, Gribskov M.	BMC bioinformatics	2019	31362694	PMC6664791	10.1186/s12859-019-2999-7
spatiAlign: an unsupervised contrastive learning model for data integration of spatially resolved transcriptomics.	Zhang C, Liu L, Zhang Y, Li M, Fang S, Kang Q, Chen A, Xu X, Zhang Y, Li Y.	GigaScience	2024	39028588	PMC11258913	10.1093/gigascience/giae042
NeProc predicts binding segments in intrinsically disordered regions without learning binding region sequences.	Anbo H, Amagai H, Fukuchi S.	Biophysics and physicobiology	2020	33304713	PMC7692026	10.2142/biophysico.bsj-2020026
An integrated model of multiple-condition ChIP-Seq data reveals predeterminants of Cdx2 binding.	Mahony S, Edwards MD, Mazzoni EO, Sherwood RI, Kakumanu A, Morrison CA, Wichterle H, Gifford DK.	PLoS computational biology	2014	24675637	PMC3967921	10.1371/journal.pcbi.1003501
Artificial Intelligence Understands Peptide Observability and Assists With Absolute Protein Quantification.	Zimmer D, Schneider K, Sommer F, Schroda M, Mühlhaus T.	Frontiers in plant science	2018	30483279	PMC6242780	10.3389/fpls.2018.01559
Predictive models for mild cognitive impairment to Alzheimer's disease conversion.	Skolariki K, Terrera GM, Danso SO.	Neural regeneration research	2021	33510068	PMC8328792	10.4103/1673-5374.306071
Classification of bacterial plasmid and chromosome derived sequences using machine learning.	Zou X, Nguyen M, Overbeek J, Cao B, Davis JJ.	PloS one	2022	36525447	PMC9757591	10.1371/journal.pone.0279280
Machine Learning Made Easy (MLme): a comprehensive toolkit for machine learning-driven data analysis.	Akshay A, Katoch M, Shekarchizadeh N, Abedi M, Sharma A, Burkhard FC, Adam RM, Monastyrskaya K, Gheinani AH.	GigaScience	2024	38206587	PMC10783149	10.1093/gigascience/giad111
SurGen: 1020 H&amp;E-stained whole-slide images with survival and genetic markers.	Myles C, Um IH, Marshall C, Harris-Birtill D, Harrison DJ.	GigaScience	2025	41128428	PMC12569769	10.1093/gigascience/giaf086
DISOPRED3: precise disordered region predictions with annotated protein-binding activity.	Jones DT, Cozzetto D.	Bioinformatics (Oxford, England)	2015	25391399	PMC4380029	10.1093/bioinformatics/btu744
Classification and analysis of a large collection of in vivo bioassay descriptions.	Zwierzyna M, Overington JP.	PLoS computational biology	2017	28678787	PMC5517062	10.1371/journal.pcbi.1005641
Unsupervised classification of multi-omics data during cardiac remodeling using deep learning.	Chung NC, Mirza B, Choi H, Wang J, Wang D, Ping P, Wang W.	Methods (San Diego, Calif.)	2019	30853547	PMC6708480	10.1016/j.ymeth.2019.03.004
Deep biomarkers of human aging: Application of deep neural networks to biomarker development.	Putin E, Mamoshina P, Aliper A, Korzinkin M, Moskalev A, Kolosov A, Ostrovskiy A, Cantor C, Vijg J, Zhavoronkov A.	Aging	2016	27191382	PMC4931851	10.18632/aging.100968
What do all the (human) micro-RNAs do?	Ultsch A, Lötsch J.	BMC genomics	2014	25404408	PMC4289375	10.1186/1471-2164-15-976
LogLoss-BERAF: An ensemble-based machine learning model for constructing highly accurate diagnostic sets of methylation sites accounting for heterogeneity in prostate cancer.	Babalyan K, Sultanov R, Generozov E, Sharova E, Kostryukova E, Larin A, Kanygina A, Govorun V, Arapidi G.	PloS one	2018	30388122	PMC6214495	10.1371/journal.pone.0204371
COVID-19 Screening in Chest X-Ray Images Using Lung Region Priors.	An J, Cai Q, Qu Z, Gao Z.	IEEE journal of biomedical and health informatics	2021	34388102	PMC8843059	10.1109/jbhi.2021.3104629
Estimation of the breadth of CD4bs targeting HIV antibodies by molecular modeling and machine learning.	Conti S, Karplus M.	PLoS computational biology	2019	30970017	PMC6457539	10.1371/journal.pcbi.1006954
A Ranking Approach to Genomic Selection.	Blondel M, Onogi A, Iwata H, Ueda N.	PloS one	2015	26068103	PMC4466774	10.1371/journal.pone.0128570
Profiling of Gene Expression Biomarkers as a Classifier of Methotrexate Nonresponse in Patients With Rheumatoid Arthritis.	Plant D, Maciejewski M, Smith S, Nair N, Maximising Therapeutic Utility in Rheumatoid Arthritis Consortium, the RAMS Study Group, Hyrich K, Ziemek D, Barton A, Verstappen S.	Arthritis & rheumatology (Hoboken, N.J.)	2019	30615300	PMC9328381	10.1002/art.40810
Metabolome-based signature of disease pathology in MS.	Andersen SL, Briggs FBS, Winnike JH, Natanzon Y, Maichle S, Knagge KJ, Newby LK, Gregory SG.	Multiple sclerosis and related disorders	2019	30877925	PMC6548586	10.1016/j.msard.2019.03.006
Identification of an Efficient Gene Expression Panel for Glioblastoma Classification.	Crisman TJ, Zelaya I, Laks DR, Zhao Y, Kawaguchi R, Gao F, Kornblum HI, Coppola G.	PloS one	2016	27855170	PMC5113897	10.1371/journal.pone.0164649
Machine learning models for early sepsis recognition in the neonatal intensive care unit using readily available electronic health record data.	Masino AJ, Harris MC, Forsyth D, Ostapenko S, Srinivasan L, Bonafide CP, Balamuth F, Schmatz M, Grundmeier RW.	PloS one	2019	30794638	PMC6386402	10.1371/journal.pone.0212665
Prediction of plant lncRNA by ensemble machine learning classifiers.	Simopoulos CMA, Weretilnyk EA, Golding GB.	BMC genomics	2018	29720103	PMC5930664	10.1186/s12864-018-4665-2
Genome-wide prediction of topoisomerase IIβ binding by architectural factors and chromatin accessibility.	Martínez-García PM, García-Torres M, Divina F, Terrón-Bautista J, Delgado-Sainz I, Gómez-Vela F, Cortés-Ledesma F.	PLoS computational biology	2021	33465072	PMC7845959	10.1371/journal.pcbi.1007814
Deepdefense: annotation of immune systems in prokaryotes using deep learning.	Hauns S, Alkhnbashi OS, Backofen R.	GigaScience	2024	39388605	PMC11959188	10.1093/gigascience/giae062
Discovering genotype-phenotype relationships with machine learning and the Visual Physiology Opsin Database (VPOD).	Frazer SA, Baghbanzadeh M, Rahnavard A, Crandall KA, Oakley TH.	GigaScience	2024	39460934	PMC11512451	10.1093/gigascience/giae073
Improving the Prediction of Benign or Malignant Breast Masses Using a Combination of Image Biomarkers and Clinical Parameters.	Cui Y, Li Y, Xing D, Bai T, Dong J, Zhu J.	Frontiers in oncology	2021	33828982	PMC8019900	10.3389/fonc.2021.629321
Construction and Comprehensive Analyses of a METTL5-Associated Prognostic Signature With Immune Implication in Lung Adenocarcinomas.	Sun S, Fei K, Zhang G, Wang J, Yang Y, Guo W, Yang Z, Wang J, Xue Q, Gao Y, He J.	Frontiers in genetics	2020	33679869	PMC7933593	10.3389/fgene.2020.617174
Euler characteristic curves and profiles: a stable shape invariant for big data problems.	Dłotko P, Gurnari D.	GigaScience	2022	37966428	PMC10646871	10.1093/gigascience/giad094
Machine learning-based feature selection to search stable microbial biomarkers: application to inflammatory bowel disease.	Lee Y, Cappellato M, Di Camillo B.	GigaScience	2022	37882604	PMC10600917	10.1093/gigascience/giad083
Regression plane concept for analysing continuous cellular processes with machine learning.	Szkalisity A, Piccinini F, Beleon A, Balassa T, Varga IG, Migh E, Molnar C, Paavolainen L, Timonen S, Banerjee I, Ikonen E, Yamauchi Y, Ando I, Peltonen J, Pietiäinen V, Honti V, Horvath P.	Nature communications	2021	33953203	PMC8100172	10.1038/s41467-021-22866-x
Large-scale structure prediction by improved contact predictions and model quality assessment.	Michel M, Menéndez Hurtado D, Uziela K, Elofsson A.	Bioinformatics (Oxford, England)	2017	28881974	PMC5870574	10.1093/bioinformatics/btx239
MRI-based machine learning radiomics can predict HER2 expression level and pathologic response after neoadjuvant therapy in HER2 overexpressing breast cancer.	Bitencourt AGV, Gibbs P, Rossi Saccarelli C, Daimiel I, Lo Gullo R, Fox MJ, Thakur S, Pinker K, Morris EA, Morrow M, Jochelson MS.	EBioMedicine	2020	33039708	PMC7648120	10.1016/j.ebiom.2020.103042
A directed learning strategy integrating multiple omic data improves genomic prediction.	Hu X, Xie W, Wu C, Xu S.	Plant biotechnology journal	2019	30950198	PMC6737184	10.1111/pbi.13117
Aneugen Molecular Mechanism Assay: Proof-of-Concept With 27 Reference Chemicals.	Bernacki DT, Bryce SM, Bemis JC, Dertinger SD.	Toxicological sciences : an official journal of the Society of Toxicology	2019	31132080	PMC6657583	10.1093/toxsci/kfz123
Identification of Gene Signatures and Expression Patterns During Epithelial-to-Mesenchymal Transition From Single-Cell Expression Atlas.	Yu X, Pan X, Zhang S, Zhang YH, Chen L, Wan S, Huang T, Cai YD.	Frontiers in genetics	2020	33584803	PMC7876317	10.3389/fgene.2020.605012
Comparative genomics of European avian pathogenic E. Coli (APEC).	Cordoni G, Woodward MJ, Wu H, Alanazi M, Wallis T, La Ragione RM.	BMC genomics	2016	27875980	PMC5120500	10.1186/s12864-016-3289-7
P2Rank: machine learning based tool for rapid and accurate prediction of ligand binding sites from protein structure.	Krivák R, Hoksza D.	Journal of cheminformatics	2018	30109435	PMC6091426	10.1186/s13321-018-0285-8
MaGIC: a machine learning tool set and web application for monoallelic gene inference from chromatin.	Vinogradova S, Saksena SD, Ward HN, Vigneau S, Gimelbrant AA.	BMC bioinformatics	2019	30819107	PMC6394031	10.1186/s12859-019-2679-7
Computational prediction of type III secreted proteins from gram-negative bacteria.	Yang Y, Zhao J, Morgan RL, Ma W, Jiang T.	BMC bioinformatics	2010	20122221	PMC3009519	10.1186/1471-2105-11-s1-s47
Temporal Stability and Prognostic Biomarker Potential of the Prostate Cancer Urine miRNA Transcriptome.	Jeon J, Olkhov-Mitsel E, Xie H, Yao CQ, Zhao F, Jahangiri S, Cuizon C, Scarcello S, Jeyapala R, Watson JD, Fraser M, Ray J, Commisso K, Loblaw A, Fleshner NE, Bristow RG, Downes M, Vesprini D, Liu S, Bapat B, Boutros PC.	Journal of the National Cancer Institute	2020	31161221	PMC7073919	10.1093/jnci/djz112
DeepRank-GNN: a graph neural network framework to learn patterns in protein-protein interfaces.	Réau M, Renaud N, Xue LC, Bonvin AMJJ.	Bioinformatics (Oxford, England)	2023	36420989	PMC9805592	10.1093/bioinformatics/btac759
Intermittent Hypoxia and Hypercapnia Reproducibly Change the Gut Microbiome and Metabolome across Rodent Model Systems.	Tripathi A, Xu ZZ, Xue J, Poulsen O, Gonzalez A, Humphrey G, Meehan MJ, Melnik AV, Ackermann G, Zhou D, Malhotra A, Haddad GG, Dorrestein PC, Knight R.	mSystems	2019	31058230	PMC6495231	10.1128/msystems.00058-19
AIUPred: combining energy estimation with deep learning for the enhanced prediction of protein disorder.	Erdős G, Dosztányi Z.	Nucleic acids research	2024	38747347	PMC11223784	10.1093/nar/gkae385
FibroBox: a novel noninvasive tool for predicting significant liver fibrosis and cirrhosis in HBV infected patients.	Lu XJ, Yang XJ, Sun JY, Zhang X, Yuan ZX, Li XH.	Biomarker research	2020	33005419	PMC7520974	10.1186/s40364-020-00215-2
Gating mass cytometry data by deep learning.	Li H, Shaham U, Stanton KP, Yao Y, Montgomery RR, Kluger Y.	Bioinformatics (Oxford, England)	2017	29036374	PMC5860171	10.1093/bioinformatics/btx448
From flamingo dance to (desirable) drug discovery: a nature-inspired approach.	Sánchez-Rodríguez A, Pérez-Castillo Y, Schürer SC, Nicolotti O, Mangiatordi GF, Borges F, Cordeiro MNDS, Tejera E, Medina-Franco JL, Cruz-Monteagudo M.	Drug discovery today	2017	28624633	PMC5650527	10.1016/j.drudis.2017.05.008
Healthy microbiome-moving towards functional interpretation.	Zielińska K, Udekwu KI, Rudnicki W, Frolova A, Łabaj PP.	GigaScience	2025	40117176	PMC11927397	10.1093/gigascience/giaf015
DeepLoc 2.0: multi-label subcellular localization prediction using protein language models.	Thumuluri V, Almagro Armenteros JJ, Johansen AR, Nielsen H, Winther O.	Nucleic acids research	2022	35489069	PMC9252801	10.1093/nar/gkac278
Predicting Drug-Disease Associations via Using Gaussian Interaction Profile and Kernel-Based Autoencoder.	Jiang HJ, Huang YA, You ZH, You ZH.	BioMed research international	2019	31534955	PMC6732622	10.1155/2019/2426958
Identification of Diagnostic CpG Signatures in Patients with Gestational Diabetes Mellitus <i>via</i> Epigenome-Wide Association Study Integrated with Machine Learning.	Liu Y, Geng H, Duan B, Yang X, Ma A, Ding X.	BioMed research international	2021	34104645	PMC8162250	10.1155/2021/1984690
Machine learning reveals mesenchymal breast carcinoma cell adaptation in response to matrix stiffness.	Rozova VS, Anwer AG, Guller AE, Es HA, Khabir Z, Sokolova AI, Gavrilov MU, Goldys EM, Warkiani ME, Thiery JP, Zvyagin AV.	PLoS computational biology	2021	34297718	PMC8336795	10.1371/journal.pcbi.1009193
FUN-PROSE: A deep learning approach to predict condition-specific gene expression in fungi.	Nambiar A, Dubinkina V, Liu S, Maslov S.	PLoS computational biology	2023	37971967	PMC10653424	10.1371/journal.pcbi.1011563
The Virtual Screening of the Drug Protein with a Few Crystal Structures Based on the Adaboost-SVM.	Wang MY, Li P, Qiao PL.	Computational and mathematical methods in medicine	2016	27127534	PMC4834164	10.1155/2016/4809831
A Case for estradiol: younger brains in women with earlier menarche and later menopause.	Luders E, Poromaa IS, Barth C, Gaser C.	GigaScience	2025	40407124	PMC12099614	10.1093/gigascience/giaf060
Omada: robust clustering of transcriptomes through multiple testing.	Kariotis S, Tan PF, Lu H, Rhodes CJ, Wilkins MR, Lawrie A, Wang D.	GigaScience	2024	38991852	PMC11238428	10.1093/gigascience/giae039
Adaptive multi-view multi-label learning for identifying disease-associated candidate miRNAs.	Liang C, Yu S, Luo J.	PLoS computational biology	2019	30933970	PMC6459551	10.1371/journal.pcbi.1006931
Cross talk of chromosome instability, CpG island methylator phenotype and mismatch repair in colorectal cancer.	Zhang TM, Huang T, Wang RF.	Oncology letters	2018	30008861	PMC6036478	10.3892/ol.2018.8860
NanoMnT: an STR analysis tool for Oxford Nanopore sequencing data driven by a comprehensive analysis of error profile in STR regions.	Park G, An H, Luo H, Park J.	GigaScience	2025	40094553	PMC11912559	10.1093/gigascience/giaf013
Group-specific discriminant analysis enhances detection of sex differences in brain functional network lateralization.	Zhou S, Luo J, Jiang Y, Wang H, Lu H, Gong G.	GigaScience	2025	40884801	PMC12398281	10.1093/gigascience/giaf082
RNA-GPS predicts high-resolution RNA subcellular localization and highlights the role of splicing.	Wu KE, Parker KR, Fazal FM, Chang HY, Zou J.	RNA (New York, N.Y.)	2020	32220894	PMC7297119	10.1261/rna.074161.119
Predicting protein function by machine learning on amino acid sequences--a critical evaluation.	Al-Shahib A, Breitling R, Gilbert DR.	BMC genomics	2007	17374164	PMC1847686	10.1186/1471-2164-8-78
Mal-Prec: computational prediction of protein Malonylation sites via machine learning based feature integration : Malonylation site prediction.	Liu X, Wang L, Li J, Hu J, Zhang X.	BMC genomics	2020	33225896	PMC7682087	10.1186/s12864-020-07166-w
Generating property-matched decoy molecules using deep learning.	Imrie F, Bradley AR, Deane CM.	Bioinformatics (Oxford, England)	2021	33532838	PMC8352508	10.1093/bioinformatics/btab080
Machine learning techniques accurately classify microbial communities by bacterial vaginosis characteristics.	Beck D, Foster JA.	PloS one	2014	24498380	PMC3912131	10.1371/journal.pone.0087830
Exploring bacterial organelle interactomes: a model of the protein-protein interaction network in the Pdu microcompartment.	Jorda J, Liu Y, Bobik TA, Yeates TO.	PLoS computational biology	2015	25646976	PMC4315436	10.1371/journal.pcbi.1004067
CopulaNet: Learning residue co-evolution directly from multiple sequence alignment for protein structure prediction.	Ju F, Zhu J, Shao B, Kong L, Liu TY, Zheng WM, Bu D.	Nature communications	2021	33953201	PMC8100175	10.1038/s41467-021-22869-8
Predicting bacterial growth conditions from mRNA and protein abundances.	Caglar MU, Hockenberry AJ, Wilke CO.	PloS one	2018	30388153	PMC6214550	10.1371/journal.pone.0206634
Large-scale genomic survey with deep learning-based method reveals strain-level phage specificity determinants.	Yang Y, Dufault-Thompson K, Yan W, Cai T, Xie L, Jiang X.	GigaScience	2024	38649301	PMC11034027	10.1093/gigascience/giae017
Comparison of Targeted and Untargeted Approaches in Breath Analysis for the Discrimination of Lung Cancer from Benign Pulmonary Diseases and Healthy Persons.	Koureas M, Kalompatsios D, Amoutzias GD, Hadjichristodoulou C, Gourgoulianis K, Tsakalof A.	Molecules (Basel, Switzerland)	2021	33946997	PMC8125376	10.3390/molecules26092609
Targeted Metabolic Profiling of Urine Highlights a Potential Biomarker Panel for the Diagnosis of Alzheimer's Disease and Mild Cognitive Impairment: A Pilot Study.	Yilmaz A, Ugur Z, Bisgin H, Akyol S, Bahado-Singh R, Wilson G, Imam K, Maddens ME, Graham SF.	Metabolites	2020	32878308	PMC7569858	10.3390/metabo10090357
Gene expression profiling identified TP53<sup>Mut</sup>PIK3CA<sup>Wild</sup> as a potential biomarker for patients with triple-negative breast cancer treated with immune checkpoint inhibitors.	Cheng J, Ding X, Xu S, Zhu B, Jia Q.	Oncology letters	2020	32218835	PMC7068237	10.3892/ol.2020.11381
A self-attention based message passing neural network for predicting molecular lipophilicity and aqueous solubility.	Tang B, Kramer ST, Fang M, Qiu Y, Wu Z, Xu D.	Journal of cheminformatics	2020	33431047	PMC7035778	10.1186/s13321-020-0414-z
A Method for Identifying Vesicle Transport Proteins Based on LibSVM and MRMD.	Tao Z, Li Y, Teng Z, Zhao Y.	Computational and mathematical methods in medicine	2020	33133228	PMC7591939	10.1155/2020/8926750
SqueezeCall: nanopore basecalling using a Squeezeformer network.	Zhu Z.	GigaByte (Hong Kong, China)	2025	40008031	PMC11851125	10.46471/gigabyte.148
Unlocking the power of AI for phenotyping fruit morphology in Arabidopsis.	Atkins K, Garzón-Martínez GA, Lloyd A, Doonan JH, Lu C.	GigaScience	2025	39937596	PMC11816797	10.1093/gigascience/giae123
High-fidelity wheat plant reconstruction using 3D Gaussian splatting and neural radiance fields.	Stuart LAG, Wells DM, Atkinson JA, Castle-Green S, Walker J, Pound MP.	GigaScience	2025	40139909	PMC11945317	10.1093/gigascience/giaf022
Confound-leakage: confound removal in machine learning leads to leakage.	Hamdan S, Love BC, von Polier GG, Weis S, Schwender H, Eickhoff SB, Patil KR.	GigaScience	2022	37776368	PMC10541796	10.1093/gigascience/giad071
SPOT-Disorder2: Improved Protein Intrinsic Disorder Prediction by Ensembled Deep Learning.	Hanson J, Paliwal KK, Litfin T, Zhou Y.	Genomics, proteomics & bioinformatics	2019	32173600	PMC7212484	10.1016/j.gpb.2019.01.004
Machine learning for effectively avoiding overfitting is a crucial strategy for the genetic prediction of polygenic psychiatric phenotypes.	Takahashi Y, Ueki M, Tamiya G, Ogishima S, Kinoshita K, Hozawa A, Minegishi N, Nagami F, Fukumoto K, Otsuka K, Tanno K, Sakata K, Shimizu A, Sasaki M, Sobue K, Kure S, Yamamoto M, Tomita H.	Translational psychiatry	2020	32826857	PMC7442807	10.1038/s41398-020-00957-5
Modeling peptide fragmentation with dynamic Bayesian networks for peptide identification.	Klammer AA, Reynolds SM, Bilmes JA, MacCoss MJ, Noble WS.	Bioinformatics (Oxford, England)	2008	18586734	PMC2665034	10.1093/bioinformatics/btn189
PanGIA: A universal framework for identifying association between ncRNAs and diseases.	Liu X, Lü X, Chen Q, Sun J, Zhao T, Zhu Y.	GigaScience	2025	41105014	PMC12532321	10.1093/gigascience/giaf123
Identification of Circulating Diagnostic Biomarkers for Coronary Microvascular Disease in Postmenopausal Women Using Machine-Learning Techniques.	Arredondo Eve A, Tunc E, Liu YJ, Agrawal S, Erbak Yilmaz H, Emren SV, Akyıldız Akçay F, Mainzer L, Žurauskienė J, Madak Erdogan Z.	Metabolites	2021	34070374	PMC8230313	10.3390/metabo11060339
Merizo: a rapid and accurate protein domain segmentation method using invariant point attention.	Lau AM, Kandathil SM, Jones DT.	Nature communications	2023	38114456	PMC10730818	10.1038/s41467-023-43934-4
RNAVirHost: a machine learning-based method for predicting hosts of RNA viruses through viral genomes.	Chen G, Jiang J, Sun Y.	GigaScience	2024	39172545	PMC11340644	10.1093/gigascience/giae059
ResMiCo: Increasing the quality of metagenome-assembled genomes with deep learning.	Mineeva O, Danciu D, Schölkopf B, Ley RE, Rätsch G, Youngblut ND.	PLoS computational biology	2023	37126495	PMC10174551	10.1371/journal.pcbi.1011001
NetiNeti: discovery of scientific names from text using machine learning methods.	Akella LM, Norton CN, Miller H.	BMC bioinformatics	2012	22913485	PMC3542245	10.1186/1471-2105-13-211
Development of a prediction model for hypotension after induction of anesthesia using machine learning.	Kang AR, Lee J, Jung W, Lee M, Park SY, Woo J, Kim SH.	PloS one	2020	32298292	PMC7162491	10.1371/journal.pone.0231172
Gene function prediction using labeled and unlabeled data.	Zhao XM, Wang Y, Chen L, Aihara K.	BMC bioinformatics	2008	18221567	PMC2275242	10.1186/1471-2105-9-57
Using neuronal extracellular vesicles and machine learning to predict cognitive deficits in HIV.	Pulliam L, Liston M, Sun B, Narvid J.	Journal of neurovirology	2020	32681213	PMC7718328	10.1007/s13365-020-00877-6
SpheroScan: a user-friendly deep learning tool for spheroid image analysis.	Akshay A, Katoch M, Abedi M, Shekarchizadeh N, Besic M, Burkhard FC, Bigger-Allen A, Adam RM, Monastyrskaya K, Gheinani AH.	GigaScience	2022	37889008	PMC10603766	10.1093/gigascience/giad082
Variability analysis of LC-MS experimental factors and their impact on machine learning	Rehfeldt TG, Krawczyk K, Echers SG, Marcatili P, Palczynski P, Röttger R, Schwämmle V	GigaScience	2023	37983748	PMC10659119	10.1093/gigascience/giad096
NetStart 2.0: prediction of eukaryotic translation initiation sites using a protein language model.	Nielsen LS, Pedersen AG, Winther O, Nielsen H.	BMC bioinformatics	2025	40830753	PMC12366053	10.1186/s12859-025-06220-2
Prediction of Drug-Likeness Using Deep Autoencoder Neural Networks.	Hu Q, Feng M, Lai L, Pei J.	Frontiers in genetics	2018	30538725	PMC6277570	10.3389/fgene.2018.00585
KGML-xDTD: a knowledge graph-based machine learning framework for drug treatment prediction and mechanism description.	Ma C, Zhou Z, Liu H, Koslicki D.	GigaScience	2022	37602759	PMC10441000	10.1093/gigascience/giad057
Single-cell ATAC-seq signal extraction and enhancement with SCATE.	Ji Z, Zhou W, Hou W, Ji H.	Genome biology	2020	32620137	PMC7333383	10.1186/s13059-020-02075-3
KIR Genes and Patterns Given by the A Priori Algorithm: Immunity for Haematological Malignancies.	Rodríguez-Escobedo JG, García-Sepúlveda CA, Cuevas-Tello JC.	Computational and mathematical methods in medicine	2015	26495028	PMC4606520	10.1155/2015/141363
Differential Urinary Proteome Analysis for Predicting Prognosis in Type 2 Diabetes Patients with and without Renal Dysfunction.	Ahn HS, Kim JH, Jeong H, Yu J, Yeom J, Song SH, Kim SS, Kim IJ, Kim K.	International journal of molecular sciences	2020	32545899	PMC7352871	10.3390/ijms21124236
Bioactivity descriptors for uncharacterized chemical compounds.	Bertoni M, Duran-Frigola M, Badia-I-Mompel P, Pauls E, Orozco-Ruiz M, Guitart-Pla O, Alcalde V, Diaz VM, Berenguer-Llergo A, Brun-Heath I, Villegas N, de Herreros AG, Aloy P.	Nature communications	2021	34168145	PMC8225676	10.1038/s41467-021-24150-4
iTTCA-RF: a random forest predictor for tumor T cell antigens.	Jiao S, Zou Q, Guo H, Shi L.	Journal of translational medicine	2021	34706730	PMC8554859	10.1186/s12967-021-03084-x
Using a machine learning approach to identify key prognostic molecules for esophageal squamous cell carcinoma.	Li MX, Sun XM, Cheng WG, Ruan HJ, Liu K, Chen P, Xu HJ, Gao SG, Feng XS, Qi YJ.	BMC cancer	2021	34372798	PMC8351329	10.1186/s12885-021-08647-1
Interplay between oxidative damage, the redox status, and metabolic biomarkers during long-term fasting.	Grundler F, Mesnage R, Goutzourelas N, Tekos F, Makri S, Brack M, Kouretas D, Wilhelmi de Toledo F.	Food and chemical toxicology : an international journal published for the British Industrial Biological Research Association	2020	32858131	PMC7446623	10.1016/j.fct.2020.111701
DeepPROTACs is a deep learning-based targeted degradation predictor for PROTACs.	Li F, Hu Q, Zhang X, Sun R, Liu Z, Wu S, Tian S, Ma X, Dai Z, Yang X, Gao S, Bai F.	Nature communications	2022	36414666	PMC9681730	10.1038/s41467-022-34807-3
m5CPred-SVM: a novel method for predicting m5C sites of RNA.	Chen X, Xiong Y, Liu Y, Chen Y, Bi S, Zhu X.	BMC bioinformatics	2020	33126851	PMC7602301	10.1186/s12859-020-03828-4
A deep learning approach to identify gene targets of a therapeutic for human splicing disorders.	Gao D, Morini E, Salani M, Krauson AJ, Chekuri A, Sharma N, Ragavendran A, Erdin S, Logan EM, Li W, Dakka A, Narasimhan J, Zhao X, Naryshkin N, Trotta CR, Effenberger KA, Woll MG, Gabbeta V, Karp G, Yu Y, Johnson G, Paquette WD, Cutting GR, Talkowski ME, Slaugenhaupt SA.	Nature communications	2021	34099697	PMC8185002	10.1038/s41467-021-23663-2
CryoDataBot: a pipeline to curate cryoEM datasets for AI-driven structural biology.	Xu Q, Wu L, Rebelo M, Feng S, Yu X, Farheen F, Kihara D, Zhou ZH.	GigaScience	2025	41124016	PMC12596181	10.1093/gigascience/giaf127
Integrative analysis of DNA methylation and gene expression identified cervical cancer-specific diagnostic biomarkers.	Xu W, Xu M, Wang L, Zhou W, Xiang R, Shi Y, Zhang Y, Piao Y.	Signal transduction and targeted therapy	2019	31871774	PMC6908647	10.1038/s41392-019-0081-6
Supervised learning in spiking neural networks with FORCE training.	Nicola W, Clopath C.	Nature communications	2017	29263361	PMC5738356	10.1038/s41467-017-01827-3
A novel dataset for nuclei and tissue segmentation in melanoma with baseline nuclei segmentation and tissue segmentation benchmarks.	Schuiveling M, Liu H, Eek D, Breimer GE, Suijkerbuijk KPM, Blokx WAM, Veta M.	GigaScience	2025	39970004	PMC11837757	10.1093/gigascience/giaf011
Combining classifiers for improved classification of proteins from sequence or structure.	Melvin I, Weston J, Leslie CS, Noble WS.	BMC bioinformatics	2008	18808707	PMC2561051	10.1186/1471-2105-9-389
Cox process representation and inference for stochastic reaction-diffusion processes.	Schnoerr D, Grima R, Sanguinetti G.	Nature communications	2016	27222432	PMC4894951	10.1038/ncomms11729
PmDNE: Prediction of miRNA-Disease Association Based on Network Embedding and Network Similarity Analysis.	Li J, Liu Y, Zhang Z, Liu B, Wang Y.	BioMed research international	2020	33354569	PMC7735824	10.1155/2020/6248686
Modeling Physico-Chemical ADMET Endpoints with Multitask Graph Convolutional Networks.	Montanari F, Kuhnke L, Ter Laak A, Clevert DA.	Molecules (Basel, Switzerland)	2019	31877719	PMC6982787	10.3390/molecules25010044
Structure based classification for bile salt export pump (BSEP) inhibitors using comparative structural modeling of human BSEP.	Jain S, Grandits M, Richter L, Ecker GF.	Journal of computer-aided molecular design	2017	28527154	PMC5487762	10.1007/s10822-017-0021-x
MMV_Im2Im: an open-source microscopy machine vision toolbox for image-to-image transformation.	Sonneck J, Zhou Y, Chen J.	GigaScience	2024	38280188	PMC10821710	10.1093/gigascience/giad120
Distinct epigenomic patterns are associated with haploinsufficiency and predict risk genes of developmental disorders.	Han X, Chen S, Flynn E, Wu S, Wintner D, Shen Y.	Nature communications	2018	29849042	PMC5976622	10.1038/s41467-018-04552-7
Machine Learning to Improve the Effectiveness of ANRS in Predicting HIV Drug Resistance.	Singh Y.	Healthcare informatics research	2017	29181236	PMC5688026	10.4258/hir.2017.23.4.271
Circulating Neutrophil Extracellular Traps Signature for Identifying Organ Involvement and Response to Glucocorticoid in Adult-Onset Still's Disease: A Machine Learning Study.	Jia J, Wang M, Ma Y, Teng J, Shi H, Liu H, Sun Y, Su Y, Meng J, Chi H, Chen X, Cheng X, Ye J, Liu T, Wang Z, Wan L, Zhou Z, Wang F, Yang C, Hu Q.	Frontiers in immunology	2020	33240258	PMC7680913	10.3389/fimmu.2020.563335
A machine learning-enabled open biodata resource inventory from the scientific literature.	Imker HJ, Schackart KE, Istrate AM, Cook CE.	PloS one	2023	38015968	PMC10684096	10.1371/journal.pone.0294812
Analysis of heterogeneous genomic samples using image normalization and machine learning.	Basodi S, Baykal PI, Zelikovsky A, Skums P, Pan Y.	BMC genomics	2020	33349236	PMC7751093	10.1186/s12864-020-6661-6
Machine learning assisted design of highly active peptides for drug discovery.	Giguère S, Laviolette F, Marchand M, Tremblay D, Moineau S, Liang X, Biron É, Corbeil J.	PLoS computational biology	2015	25849257	PMC4388847	10.1371/journal.pcbi.1004074
Semi-automatic conversion of BioProp semantic annotation to PASBio annotation.	Tsai RT, Dai HJ, Huang CH, Hsu WL.	BMC bioinformatics	2008	19091017	PMC2638158	10.1186/1471-2105-9-s12-s18
Machine learning identifies unaffected first-degree relatives with functional network patterns and cognitive impairment similar to those of schizophrenia patients.	Jing R, Li P, Ding Z, Lin X, Zhao R, Shi L, Yan H, Liao J, Zhuo C, Lu L, Fan Y.	Human brain mapping	2019	31148311	PMC6679781	10.1002/hbm.24678
Brain age from the electroencephalogram of sleep.	Sun H, Paixao L, Oliva JT, Goparaju B, Carvalho DZ, van Leeuwen KG, Akeju O, Thomas RJ, Cash SS, Bianchi MT, Westover MB.	Neurobiology of aging	2019	30448611	PMC6478501	10.1016/j.neurobiolaging.2018.10.016
Spatial integration of multi-omics data from serial sections using the novel Multi-Omics Imaging Integration Toolset.	Wess M, Andersen MK, Midtbust E, Guillem JCC, Viset T, Størkersen Ø, Krossa S, Rye MB, Tessem MB.	GigaScience	2025	40366868	PMC12077394	10.1093/gigascience/giaf035
scGraph2Vec: a deep generative model for gene embedding augmented by graph neural network and single-cell omics data.	Lin S, Jia P.	GigaScience	2024	39704704	PMC11659981	10.1093/gigascience/giae108
Patient-specific cancer genes contribute to recurrently perturbed pathways and establish therapeutic vulnerabilities in esophageal adenocarcinoma.	Mourikis TP, Benedetti L, Foxall E, Temelkovski D, Nulsen J, Perner J, Cereda M, Lagergren J, Howell M, Yau C, Fitzgerald RC, Scaffidi P, Oesophageal Cancer Clinical and Molecular Stratification (OCCAMS) Consortium, Ciccarelli FD.	Nature communications	2019	31308377	PMC6629660	10.1038/s41467-019-10898-3
Learning a generalized graph transformer for protein function prediction in dissimilar sequences.	Fu Y, Gu Z, Luo X, Guo Q, Lai L, Deng M.	GigaScience	2024	39657158	PMC11734293	10.1093/gigascience/giae093
enDNA-Prot: identification of DNA-binding proteins by applying ensemble learning.	Xu R, Zhou J, Liu B, Yao L, He Y, Zou Q, Wang X.	BioMed research international	2014	24977146	PMC4058174	10.1155/2014/294279
Opaque ontology: neuroimaging classification of ICD-10 diagnostic groups in the UK Biobank.	Easley T, Luo X, Hannon K, Lenzini P, Bijsterbosch J.	GigaScience	2025	39931027	PMC11811528	10.1093/gigascience/giae119
Imputation method for single-cell RNA-seq data using neural topic model.	Qi Y, Han S, Tang L, Liu L.	GigaScience	2022	38000911	PMC10673642	10.1093/gigascience/giad098
PATBox: A Toolbox for Classification and Analysis of P-Type ATPases.	Søndergaard D, Pedersen CN.	PloS one	2015	26422234	PMC4589233	10.1371/journal.pone.0139571
PlasGO: enhancing GO-based function prediction for plasmid-encoded proteins based on genetic structure.	Ji Y, Shang J, Guan J, Zou W, Liao H, Tang X, Sun Y.	GigaScience	2024	39704702	PMC11659980	10.1093/gigascience/giae104
CellBinDB: a large-scale multimodal annotated dataset for cell segmentation with benchmarking of universal models.	Shi C, Fan J, Deng Z, Liu H, Kang Q, Li Y, Guo J, Wang J, Gong J, Liao S, Chen A, Zhang Y, Li M.	GigaScience	2025	40552981	PMC12206155	10.1093/gigascience/giaf069
Neural Circuit Inference from Function to Structure.	Real E, Asari H, Gollisch T, Meister M.	Current biology : CB	2017	28065610	PMC5821114	10.1016/j.cub.2016.11.040
Contrastive Cross-Site Learning With Redesigned Net for COVID-19 CT Classification.	Wang Z, Liu Q, Dou Q.	IEEE journal of biomedical and health informatics	2020	32915751	PMC8545175	10.1109/jbhi.2020.3023246
Hidden Markov modeling of frequency-following responses to Mandarin lexical tones.	Llanos F, Xie Z, Chandrasekaran B.	Journal of neuroscience methods	2017	28807860	PMC5610945	10.1016/j.jneumeth.2017.08.010
Authoritative subspecies diagnosis tool for European honey bees based on ancestry informative SNPs.	Momeni J, Parejo M, Nielsen RO, Langa J, Montes I, Papoutsis L, Farajzadeh L, Bendixen C, Căuia E, Charrière JD, Coffey MF, Costa C, Dall'Olio R, De la Rúa P, Drazic MM, Filipi J, Galea T, Golubovski M, Gregorc A, Grigoryan K, Hatjina F, Ilyasov R, Ivanova E, Janashia I, Kandemir I, Karatasou A, Kekecoglu M, Kezic N, Matray ES, Mifsud D, Moosbeckhofer R, Nikolenko AG, Papachristoforou A, Petrov P, Pinto MA, Poskryakov AV, Sharipov AY, Siceanu A, Soysal MI, Uzunov A, Zammit-Mangion M, Vingborg R, Bouga M, Kryger P, Meixner MD, Estonba A.	BMC genomics	2021	33535965	PMC7860026	10.1186/s12864-021-07379-7
PhageGE: an interactive web platform for exploratory analysis and visualization of bacteriophage genomes.	Zhao J, Han J, Lin YW, Zhu Y, Aichem M, Garkov D, Bergen PJ, Nang SC, Ye JZ, Zhou T, Velkov T, Song J, Schreiber F, Li J.	GigaScience	2024	39320317	PMC11423353	10.1093/gigascience/giae074
Stratum corneum nanotexture feature detection using deep learning and spatial analysis: a noninvasive tool for skin barrier assessment.	Wang JH, Pereda J, Du CW, Chu CY, Christensen MO, Kezic S, Jakasa I, Thyssen JP, Satheesh S, Hwu EE.	GigaScience	2024	39657103	PMC11629979	10.1093/gigascience/giae095
MuLan-Methyl-multiple transformer-based language models for accurate DNA methylation prediction.	Zeng W, Gautam A, Huson DH.	GigaScience	2022	37489753	PMC10367125	10.1093/gigascience/giad054
Combining handcrafted features with latent variables in machine learning for prediction of radiation-induced lung damage.	Cui S, Luo Y, Tseng HH, Ten Haken RK, El Naqa I.	Medical physics	2019	30891794	PMC6510637	10.1002/mp.13497
Computational Methods for Structure-to-Function Analysis of Diet-Derived Catechins-Mediated Targeting of In Vitro Vasculogenic Mimicry.	Uthamacumaran A, Suarez NG, Baniré Diallo A, Annabi B.	Cancer informatics	2021	33953534	PMC8042551	10.1177/11769351211009229
A D3R prospective evaluation of machine learning for protein-ligand scoring.	Sunseri J, Ragoza M, Collins J, Koes DR.	Journal of computer-aided molecular design	2016	27592011	PMC5079830	10.1007/s10822-016-9960-x
Machine Learning Assisted Prediction of Prognostic Biomarkers Associated With COVID-19, Using Clinical and Proteomics Data.	Sardar R, Sharma A, Gupta D.	Frontiers in genetics	2021	34093642	PMC8175075	10.3389/fgene.2021.636441
scReClassify: post hoc cell type classification of single-cell rNA-seq data.	Kim T, Lo K, Geddes TA, Kim HJ, Yang JYH, Yang P.	BMC genomics	2019	31874628	PMC6929456	10.1186/s12864-019-6305-x
Deep learning links localized digital pathology phenotypes with transcriptional subtype and patient outcome in glioblastoma.	Roetzer-Pejrimovsky T, Nenning KH, Kiesel B, Klughammer J, Rajchl M, Baumann B, Langs G, Woehrer A.	GigaScience	2024	39185700	PMC11345537	10.1093/gigascience/giae057
Mortality Prediction Utilizing Blood Biomarkers to Predict the Severity of COVID-19 Using Machine Learning Technique.	Rahman T, Al-Ishaq FA, Al-Mohannadi FS, Mubarak RS, Al-Hitmi MH, Islam KR, Khandakar A, Hssain AA, Al-Madeed S, Zughaier SM, Chowdhury MEH.	Diagnostics (Basel, Switzerland)	2021	34573923	PMC8469072	10.3390/diagnostics11091582
Metapredict: a fast, accurate, and easy-to-use predictor of consensus disorder and structure.	Emenecker RJ, Griffith D, Holehouse AS.	Biophysical journal	2021	34480923	PMC8553642	10.1016/j.bpj.2021.08.039
Multiomics analysis of umbilical cord hematopoietic stem cells from a multiethnic cohort of Hawaii reveals the intergenerational effect of maternal prepregnancy obesity and risks for cancers.	Du Y, Benny PA, Shao Y, Schlueter RJ, Gurary A, Lum-Jones A, Lassiter CB, AlAkwaa FM, Tiirikainen M, Towner D, Ward WS, Garmire LX.	GigaScience	2025	40388307	PMC12087453	10.1093/gigascience/giaf039
External validation of machine learning models-registered models and adaptive sample splitting.	Gallitto G, Englert R, Kincses B, Kotikalapudi R, Li J, Hoffschlag K, Bingel U, Spisak T.	GigaScience	2025	40366867	PMC12077397	10.1093/gigascience/giaf036
Nasopharyngeal metabolomics and machine learning approach for the diagnosis of influenza.	Hogan CA, Rajpurkar P, Sowrirajan H, Phillips NA, Le AT, Wu M, Garamani N, Sahoo MK, Wood ML, Huang C, Ng AY, Mak J, Cowan TM, Pinsky BA.	EBioMedicine	2021	34419924	PMC8385175	10.1016/j.ebiom.2021.103546
Multiplex Networks to Characterize Seizure Development in Traumatic Brain Injury Patients.	La Rocca M, Garner R, Amoroso N, Lutkenhoff ES, Monti MM, Vespa P, Toga AW, Duncan D.	Frontiers in neuroscience	2020	33328863	PMC7734183	10.3389/fnins.2020.591662
Machine learning models identify molecules active against the Ebola virus <i>in vitro</i>.	Ekins S, Freundlich JS, Clark AM, Anantpadma M, Davey RA, Madrid P.	F1000Research	2015	26834994	PMC4706063	10.12688/f1000research.7217.3
Machine learning approaches to supporting the identification of photoreceptor-enriched genes based on expression data.	Wang H, Zheng H, Simpson D, Azuaje F.	BMC bioinformatics	2006	16524483	PMC1421439	10.1186/1471-2105-7-116
A CD4 T cell gene signature for early rheumatoid arthritis implicates interleukin 6-mediated STAT3 signalling, particularly in anti-citrullinated peptide antibody-negative disease.	Pratt AG, Swan DC, Richardson S, Wilson G, Hilkens CM, Young DA, Isaacs JD.	Annals of the rheumatic diseases	2012	22532634	PMC3396452	10.1136/annrheumdis-2011-200968
Image segmentation of treated and untreated tumor spheroids by fully convolutional networks.	Streller M, Michlíková S, Ciecior W, Lönnecke K, Kunz-Schughart LA, Lange S, Voss-Böhme A.	GigaScience	2025	40331344	PMC12056507	10.1093/gigascience/giaf027
NeBcon: protein contact map prediction using neural network training coupled with naïve Bayes classifiers.	He B, Mortuza SM, Wang Y, Shen HB, Zhang Y.	Bioinformatics (Oxford, England)	2017	28369334	PMC5860114	10.1093/bioinformatics/btx164
APOD: accurate sequence-based predictor of disordered flexible linkers.	Peng Z, Xing Q, Kurgan L.	Bioinformatics (Oxford, England)	2020	33381830	PMC7773485	10.1093/bioinformatics/btaa808
Cross-modal contrastive learning decodes developmental regulatory features through chromatin potential analysis.	Yang Y, Xie C, He Q, Yang M.	GigaScience	2025	41105015	PMC12532322	10.1093/gigascience/giaf053
DisoFLAG: accurate prediction of protein intrinsic disorder and its functions using graph-based interaction protein language model.	Pang Y, Liu B.	BMC biology	2024	38166858	PMC10762911	10.1186/s12915-023-01803-y
